etat,marque,processeur,ram,stockage,prix
Neuf,Apple,m1,16,1tb,1 150 000 F Cfa
D'occasion,HP,2.6GHZ,2GO,80GO,35 000 F Cfa
Venant,Dell,i7,8,256,210 000 F Cfa
Neuf,ASUS,I7,12,256,390 000 F Cfa
Venant,Acer,DUO CORE ✅,4 GO ✅,256 GO SSD ❤,185 000 F Cfa
Neuf,Lenovo,Corei7 /2.90Ghz,16Giga,512Giga Ssd,320 000 F Cfa
Neuf,Acer,I5,8,256,290 000 F Cfa
D'occasion,Dell,CORE i5,4 Go,500 Go,90 000 F Cfa
Neuf,Lenovo,,4,1TERA,250 000 F Cfa
Neuf,Dell,I5,8,256,370 000 F Cfa
Neuf,Autre,,,,100 000 F Cfa
Venant,Apple,CORE i7 ✅,16 Go ❤,500 Go SSD ✅,700 000 F Cfa
Venant,Dell,i5 -11th,8 Go ❤,256 Go SSD ✅,300 000 F Cfa
Venant,HP,R5 = i7 ✅,8 GO ✅,256 GO SSD ✅,350 000 F Cfa
Neuf,Dell,I7,32giga,512ssd,600 000 F Cfa
Neuf,HP,Corei5 /2.70ghz,8giga ddr4,500Giga,260 000 F Cfa
Neuf,Acer,1.8,16,512,750 000 F Cfa
Neuf,HP,,,,200 000 F Cfa
D'occasion,Lenovo,Core i5,8Go,256Go,350 000 F Cfa
D'occasion,HP,3.1ghz,4Go,250GO,55 000 F Cfa
Neuf,HP,i7 10th,8,1TO,440 000 F Cfa
Venant,Lenovo,I5,8,256,470 000 F Cfa
Venant,HP,Corei7 /2.70Ghz,8Giga,500Giga,230 000 F Cfa
Venant,Apple,I5,8,128,335 000 F Cfa
Neuf,HP,I3 10th,4 Go,1TO,485 000 F Cfa
Neuf,Apple,I5,16,1TO,710 000 F Cfa
D'occasion,Lenovo,CORE i5 ✅,8GO ✅,256 GO SSD ✅,250 000 F Cfa
D'occasion,Apple,CORE i5 ✅,8 Go ✅,128 Go Ssd,350 000 F Cfa
Venant,HP,Core i5,4 Go,320 Go,90 000 F Cfa
Venant,HP,3.5,4GO,500GO,250 000 F Cfa
Venant,Dell,cor i5,8GO,500GO,175 000 F Cfa
D'occasion,Apple,Core i7,16Go,512Go,700 000 F Cfa
Neuf,Lenovo,,,,125 000 F Cfa
Venant,Apple,CORE i5 ❤,8 GO ✅,128 GO SSD ❤,450 000 F Cfa
Neuf,Dell,,,,320 000 F Cfa
D'occasion,Dell,2.4,8,500,165 000 F Cfa
Neuf,ASUS,Core i5,16Go,512Go,450 000 F Cfa
D'occasion,HP,CORE i5,8 Go,128 Go SSD,160 000 F Cfa
Venant,Lenovo,1.50Ghz,4GB,320GB,70 000 F Cfa
Venant,Dell,core i7,16,512,380 000 F Cfa
Venant,HP,i5,8,500,275 000 F Cfa
D'occasion,Dell,CORE i3,8 Go,256 Go SSD,150 000 F Cfa
Venant,LG,CORE i7 ✅,8 GO ✅,500 GO SSD ✅,350 000 F Cfa
Venant,Fujitsu,CORE i7 ✅,16 GO ✅,500 GO SSD ✅,400 000 F Cfa
Réconditionné,HP,i5,8,128 et 500,225 000 F Cfa
Venant,HP,I5 10th GEN,8,256,400 000 F Cfa
Neuf,HP,i7,8 gb,1000,380 000 F Cfa
D'occasion,HP,2.80GO,16GO,1000GO,350 000 F Cfa
D'occasion,Dell,2.4Ghz,4 GO,250 GO,75 000 F Cfa
D'occasion,Dell,i7 3.33ghz,8,500,150 000 F Cfa
Réconditionné,HP,,,,25 000 F Cfa
Neuf,Apple,,16,512,750 000 F Cfa
Neuf,HP,I7,16,512,620 000 F Cfa
D'occasion,Dell,2.6ghz,4,80,35 000 F Cfa
D'occasion,Lenovo,i7 3.4ghz,16go,500go,195 000 F Cfa
Neuf,Apple,M1 MAX,32gb,1tb,1 F Cfa
Neuf,Lenovo,i7 10th,8 GO,1TO,490 000 F Cfa
Neuf,Apple,Apple M1,8go,256 Go,850 000 F Cfa
Neuf,Lenovo,Intel CELERON,8,1000,280 000 F Cfa
Venant,HP,1.6GHZ,4,320,85 000 F Cfa
Venant,HP,2.30Ghz,8GIGA,500GIGA,175 000 F Cfa
Venant,Lenovo,Core i5,8,500,165 000 F Cfa
Venant,Microsoft Surface,Ryzen5 ✅,8 GO ✅,256 GO SSD ✅,400 000 F Cfa
Venant,Lenovo,CORE i5 ✅,8 GO ✅,256 GO SSD ✅,350 000 F Cfa
Venant,HP,CORE i5 ❤,8 GO ✅,256 GO SSD ✅,220 000 F Cfa
Venant,Apple,i7 ✅,8 GO ✅,128 GO SSD ✅,350 000 F Cfa
Venant,HP,3.0,4GO,250GO,55 000 F Cfa
D'occasion,Lenovo,INTEL CORE i3,8 Go,500 Go,150 000 F Cfa
Venant,HP,i7,8,500,180 000 F Cfa
Neuf,Microsoft Surface,2.20 Ghz,8go,256 ssd,400 000 F Cfa
Neuf,HP,,4,500,140 000 F Cfa
Venant,Lenovo,i5 (3.5 GHz),8,500,80 000 F Cfa
D'occasion,Lenovo,cor i5,8GO,500 Go,135 000 F Cfa
Venant,HP,i5,8,500,235 000 F Cfa
Venant,Dell,I5,8,256,290 000 F Cfa
Neuf,HP,i5 (2.5 GHz),8,256,160 000 F Cfa
Venant,HP,2.53GHz,4GB,320GB,95 000 F Cfa
Neuf,HP,i3 10th gen,4 Go,1To,485 000 F Cfa
Venant,Acer,i5 ✅,8 GO ✅,256 GO SSD ✅,185 000 F Cfa
Venant,Apple,2.5,4go,500go,160 000 F Cfa
Neuf,HP,i7 11th,16 Go,2To,810 000 F Cfa
Neuf,Apple,M1 Pro,16giga,512Giga,1 575 000 F Cfa
Neuf,Autre,i7-11800H,16 Go,512 Go,950 000 F Cfa
D'occasion,HP,Amd a8~i5 3eme gén 3.2Ghz,4 Go,250 Go,75 000 F Cfa
Venant,Lenovo,1.6,16go,512ssd,300 000 F Cfa
Venant,Dell,I7,8,256,290 000 F Cfa
Neuf,Apple,M1 pro,16,512gb,1 450 000 F Cfa
Neuf,HP,i5,16,256,480 000 F Cfa
Neuf,Lenovo,Core i7 10th gen 4.2Ghz,8 Go,1To,730 000 F Cfa
Venant,HP,CORE I5,8Go,256 SSD,169 900 F Cfa
Venant,Apple,I,,,870 000 F Cfa
Venant,Lenovo,i7 ✅,16 GO ✅,500 GO SSD ✅,850 000 F Cfa
Venant,Apple,i3 ✅,8 GO ✅,256 GO SSD ✅,450 000 F Cfa
Venant,Dell,i7,16,256gb,420 000 F Cfa
Venant,Apple,cor i7,8Go,500 Go,150 000 F Cfa
Venant,Lenovo,Core i5,8 Go,500 Go,115 000 F Cfa
Neuf,HP,,,,165 000 F Cfa
Neuf,Lenovo,Dual core,4Go,128 SSD,100 000 F Cfa
Venant,Microsoft Surface,I7,16,512,420 000 F Cfa
Neuf,ASUS,,,,430 000 F Cfa
Venant,Apple,Core i7,16,512,725 000 F Cfa
Venant,Dell,i7,16,1000,230 000 F Cfa
Venant,HP,i7,8Go,500 Go,140 000 F Cfa
Venant,Apple,Core i7,16Go,256Go,380 000 F Cfa
Neuf,Dell,corei5,16,256,275 000 F Cfa
Venant,HP,i7,16,512gb,570 000 F Cfa
D'occasion,Acer,I3,8,256,230 000 F Cfa
Neuf,HP,,,,12 000 F Cfa
Venant,Lenovo,Core i5,16Go,256Go,350 000 F Cfa
Neuf,Dell,i7-10750H,32 Go,1TB,950 000 F Cfa
Venant,Toshiba,Core i5,8 Gb,256Gb (SSD),160 000 F Cfa
Neuf,Apple,Core i9,64 Go,512 Go,950 000 F Cfa
Venant,HP,i5,16,512,300 000 F Cfa
Venant,Dell,I7,16,256,370 000 F Cfa
Venant,HP,Core i7,64Go,512Go,400 000 F Cfa
Neuf,HP,I7,8,256,390 000 F Cfa
Neuf,Dell,,,,250 000 F Cfa
Neuf,Dell,i7,16gb,512GB,470 000 F Cfa
Neuf,Lenovo,i7,8,512gb,550 000 F Cfa
Neuf,HP,,,,150 000 F Cfa
Venant,Dell,Core i7,16Go,512Go,320 000 F Cfa
Venant,Apple,i5,8 G,256,430 000 F Cfa
Neuf,Lenovo,I7,16,512,570 000 F Cfa
Neuf,HP,i5 10th,12Go,512 Go SSD,470 000 F Cfa
Venant,Dell,i7,16,512,500 000 F Cfa
Venant,Lenovo,i7 ✅,32 GO ✅,500 GO SSD ✅,550 000 F Cfa
Venant,Lenovo,i7.8th ✅,16 GO ✅,256 GO SSD ✅,330 000 F Cfa
Venant,HP,CORE i5 ✅,8 GO ✅,256 GO SSD ✅,250 000 F Cfa
Venant,Dell,Intel celeron,4 Go,500 Go,100 000 F Cfa
Neuf,HP,core i5 10th,4Go,1 To,550 000 F Cfa
Venant,HP,Intel Xeon E5-1620 V4 | 3.50Ghz,16 Go,1Tera,250 000 F Cfa
Venant,Apple,M1,8,256,600 000 F Cfa
Neuf,MSI,,16 Go,,650 000 F Cfa
Neuf,ASUS,Ryzen 9-5900HX,16 Go,SSD 1TB,850 000 F Cfa
Venant,HP,i5 ✅,16 GO ✅,256 GO SSD ✅,250 000 F Cfa
Venant,Lenovo,Core i3 ✅,8 GO ✅,256 GO SSD ✅,165 000 F Cfa
Neuf,Dell,Core i7 11th Gen,16Gb,512 ssd,650 000 F Cfa
D'occasion,Dell,INTEL XEON,16 Go,1 TERA,250 000 F Cfa
Neuf,Lenovo,i7,16go,512go,390 000 F Cfa
Venant,ASUS,i7,16,256 et 1000,300 000 F Cfa
Neuf,HP,CORE I5,8 GO,1 TERA,399 000 F Cfa
Venant,Apple,m ✅,8 GO ✅,256 GO SSD ✅,300 000 F Cfa
Neuf,Lenovo,Noir,8,512Go ssd,410 000 F Cfa
Venant,ASUS,Core i7,16 Go,512 Go,690 000 F Cfa
Venant,Dell,I7,8,512,320 000 F Cfa
Neuf,Apple,CORE i7 ✅,32 GO ✅,1000 GO SSD ✅,950 000 F Cfa
Venant,Lenovo,Core i7,16Go,512Go,340 000 F Cfa
Venant,ASUS,CORE i3 ✅,4 GO ✅,256 GO SSD ✅,150 000 F Cfa
Venant,Lenovo,I7,20,256,215 000 F Cfa
Neuf,HP,2.1,16,,2 500 000 F Cfa
Neuf,HP,core i3 11th,4Go,1 To,510 000 F Cfa
Venant,Lenovo,i7,16,512,375 000 F Cfa
Venant,Apple,M1,8,256,475 000 F Cfa
Neuf,Lenovo,Ryzen 7,16,512,900 000 F Cfa
Venant,Dell,I5,8,256,320 000 F Cfa
Venant,Apple,Core i7 ✅,8Go ✅,500 Go Ssd ✅,400 000 F Cfa
Venant,Apple,COREI5 3.2GHZ TURBO 4.3,16,2 tera Fusion Drive,950 000 F Cfa
Venant,HP,cor i7,8Go,500 Go,160 000 F Cfa
Venant,Dell,i7 11th,16 G,256G,450 000 F Cfa
Neuf,Dell,Core i5 10th Gen,8gb,256 ssd,250 000 F Cfa
Venant,Apple,CORE i7 ✅,16 GO ✅,256 GO SSD ✅,360 000 F Cfa
Venant,Dell,I7,8,256,290 000 F Cfa
Neuf,Dell,I9 12eme Generation unlocked,32Go DDR5 4800mhz,2Tera ssd nvme,1 950 000 F Cfa
Neuf,Apple,M1,8Go,256 Go SSD,650 000 F Cfa
Venant,Dell,i7,12,500,175 000 F Cfa
Venant,Lenovo,I5,8,256,270 000 F Cfa
Neuf,HP,Core i7 11th Gen,32GB,512 ssd,980 000 F Cfa
Venant,Dell,I7 7700hq,16 Go ddr4,Ssd 256go Hdd 1Tera,550 000 F Cfa
Venant,HP,I5 10300h up to 4.5GHz,16Go ddr4,M.2 SSD 512GO option 1Tera,680 000 F Cfa
Venant,Apple,I7,32,512,680 000 F Cfa
Venant,Lenovo,I7 66666EME GENERATION,20 GO,512 SSDµ,224 500 F Cfa
Neuf,Microsoft Surface,i7,16gb,256gb,1 220 000 F Cfa
Venant,Dell,CORE i5 ✅,16 GO ✅,256 GO SSD ✅,250 000 F Cfa
Venant,Apple,I5,8,128,270 000 F Cfa
Venant,Apple,Core i9,32Go,512Go,850 000 F Cfa
Neuf,Dell,Core i7 12th,16go,512go ssd,500 000 F Cfa
Neuf,Dell,i7,512 ssd,Ram 16Go,550 000 F Cfa
Neuf,Lenovo,Core i9,64Gb,2T ssd,1 150 000 F Cfa
Venant,Apple,,,,750 000 F Cfa
Neuf,HP,i5 10th,8,1TB + 256GB SSD,430 000 F Cfa
Neuf,Lenovo,Ryzen 7 pro,16 Go,512 SSD,425 000 F Cfa
Venant,ASUS,I5,8Go,525 SSD,380 000 F Cfa
Venant,Lenovo,1.8GHz /2.25GHz,4Go,128 SSD,80 000 F Cfa
Neuf,HP,i5 11th,8,512 GO SSD,440 000 F Cfa
Neuf,Lenovo,RYZEN 7,16GB,512GB,550 000 F Cfa
Neuf,HP,i5 11th,32,256 go ssd,610 000 F Cfa
Neuf,Lenovo,Ryzen 5 pro,16,256,400 000 F Cfa
Neuf,HP,CORE I5,8Go,1 TERA+ 256 SSD,700 000 F Cfa
Neuf,HP,4 Go,,500,125 000 F Cfa
Venant,Apple,I7,16,512,650 000 F Cfa
Venant,Toshiba,Core 2,4gb,120g,50 000 F Cfa
Venant,Dell,I5,8,256,270 000 F Cfa
Venant,Dell,I5,8,256,270 000 F Cfa
Venant,Apple,Core i5,8,512,349 000 F Cfa
Venant,Dell,2.5,16Gb,256ssd,160 000 F Cfa
Venant,Apple,2.7 GHz,8go,1 terra,250 000 F Cfa
Venant,HP,Core i5,8Go,256Go,280 000 F Cfa
Neuf,Dell,I5,16,256,350 000 F Cfa
Venant,Apple,,,,150 000 F Cfa
Venant,Lenovo,,,,70 000 F Cfa
Neuf,Mech 15 G3R,I9 12eme Generation,32Go DDR5 4800mhz,2 Teras SSD,1 600 000 F Cfa
Neuf,Acer,I5,16 go,512ssd,650 000 F Cfa
Venant,HP,Cor i7,16g,512ssd,280 000 F Cfa
Neuf,HP,Core i5 11th Gen,16Gb,512 ssd,525 000 F Cfa
Neuf,Dell,Core i5 11th Gen,8GB,256 ssd,500 000 F Cfa
Neuf,HP,I7,16,512,650 000 F Cfa
Venant,Lenovo,dual core,8,500,110 000 F Cfa
Venant,Sony,i7,8,256,210 000 F Cfa
,,,,,450 000 F Cfa
,,,,,475 000 F Cfa
Neuf,Dell,,,,190 000 F Cfa
Neuf,MSI,i7-12650H,16 Go DDR5,SSD 1TB,950 000 F Cfa
Venant,HP,I5,8,128 et 500,185 000 F Cfa
Venant,Lenovo,i5,8,256,190 000 F Cfa
Neuf,HP,i3,8,256,215 000 F Cfa
Venant,Dell,Core i7,16,512,400 000 F Cfa
Venant,Dell,CORE i5 ✅,16 GO ✅,256 GO SSD ✅,260 000 F Cfa
Venant,Lenovo,i5,8,500 go hdd,110 000 F Cfa
Venant,Dell,i7,8 Go,,150 000 F Cfa
D'occasion,Apple,2.6ghz,16gb,256 gb ssd,285 000 F Cfa
Neuf,Apple,Core i7,16Gb,512gb,650 000 F Cfa
Venant,Apple,,,,65 000 F Cfa
D'occasion,HP,,4Go,120GB SSD,85 000 F Cfa
Venant,Apple,I7,32,1TB/SSD,850 000 F Cfa
Neuf,HP,,,,150 000 F Cfa
Neuf,HP,DUAL CORE,4Go,1000Go,170 000 F Cfa
Venant,Dell,,8,256,180 000 F Cfa
Venant,Lenovo,,8,256,180 000 F Cfa
Neuf,HP,24 pouces,8,1 Tera,450 000 F Cfa
Neuf,Dell,I7,16 go,512 ssd,450 000 F Cfa
Neuf,Apple,M2,8,256,950 000 F Cfa
D'occasion,Apple,Intel Core i7,16 go,512 Go,750 000 F Cfa
Neuf,Dell,i7,16GB,512,450 000 F Cfa
D'occasion,HP,Core Duo ✅,4 GO ✅,500 GO ✅,115 000 F Cfa
Venant,Apple,M1 PRO,16,256,900 000 F Cfa
Venant,Apple,Core i7,8Go,512Go,250 000 F Cfa
Neuf,ASUS,Ryzen 6,8Go,512Go,280 000 F Cfa
Venant,Dell,i7,16,256,375 000 F Cfa
Neuf,Lenovo,i7,16,512,375 000 F Cfa
Neuf,HP,i7,16 go,512 ssd,550 000 F Cfa
Venant,HP,Intel,8,256 SSD,250 000 F Cfa
Neuf,Microsoft Surface,I5,8,256,600 000 F Cfa
Neuf,Apple,Apple M1 Pro,16 Go,SSD 1TB,1 450 000 F Cfa
Venant,Dell,I3,8,128,230 000 F Cfa
Venant,Dell,I5 10eme Generation,20Go ddr4,Ssd 256go Hdd 1Tera,325 000 F Cfa
Neuf,HP,Core i9,16GB,SSD 1TB,950 000 F Cfa
Venant,Apple,2.6ghz,16g,500g,700 000 F Cfa
Venant,Apple,M1,16g,512g,400 000 F Cfa
Neuf,MSI,i7-13700H,32 Go,SSD 1TB,1 200 000 F Cfa
Venant,Apple,2.4 GHz,8Go,256SSd,450 000 F Cfa
Neuf,Apple,M2,16gb,512,1 550 000 F Cfa
Neuf,HP,i7.10th ✅,32 GO ✅,1000 GO Ssd ✅,500 000 F Cfa
Venant,Dell,INTEL COR i7,8GO,500 Go,185 000 F Cfa
Neuf,HP,i7 12th,8Go,512Go SSD,610 000 F Cfa
Venant,Dell,Intel core i5,16go,512ssd,300 000 F Cfa
Neuf,HP,i7 12th ngen,8Go,512Go SSD,610 000 F Cfa
Venant,HP,AMD E1,8,256,125 000 F Cfa
Venant,Lenovo,i5,8,256,170 000 F Cfa
Neuf,Lenovo,i5,16Go,512Go,350 000 F Cfa
Venant,Dell,i7,16,256,245 000 F Cfa
Venant,HP,i7,8 go,256 ssd,245 000 F Cfa
D'occasion,HP,3.40GHZ,8GO,500GO,100 000 F Cfa
D'occasion,HP,3.20/i5,4,500,55 000 F Cfa
Neuf,Lenovo,i5 12th,8Go,512Go SSD,610 000 F Cfa
Venant,Apple,M1,8,256,480 000 F Cfa
Neuf,Dell,i9 12eme Generation 20 Processeurs,16Go,SSD 1To,800 000 F Cfa
Neuf,ASUS,Ryzen 7,8,512,425 000 F Cfa
Neuf,Apple,I7,16,256,550 000 F Cfa
D'occasion,Apple,I5,8,256,425 000 F Cfa
Neuf,ASUS,Core i9,64GB DDR4 (3200MHz),3To,1 950 000 F Cfa
Neuf,Apple,Apple M2 Pro,16 Go,512 Go,1 350 000 F Cfa
Venant,Apple,i5 ✅,8 GO ✅,256 GO SSD ✅,250 000 F Cfa
Venant,Lenovo,2.40Ghz,,512 Go,450 000 F Cfa
Venant,Lenovo,I5,8,256,190 000 F Cfa
Venant,Lenovo,I5,8,256,225 000 F Cfa
Neuf,HP,Ryzen 7,16,512,380 000 F Cfa
Venant,Dell,I7,32,512,350 000 F Cfa
Réconditionné,Lenovo,CORE I5,16GO,256 SSD,130 000 F Cfa
Venant,HP,Core I3,4 Go,500 Go,135 000 F Cfa
Neuf,Lenovo,Core I5,4G,500,200 000 F Cfa
Venant,Lenovo,i7,16 Go,512 Go ssd,200 000 F Cfa
Neuf,HP,Core i7,16go,1256go,360 000 F Cfa
Neuf,Apple,M2-Pro,16 Go,SSD 1TB,1 650 000 F Cfa
Venant,HP,X64,4 GB,232,175 000 F Cfa
Neuf,HP,i7,16,512,350 000 F Cfa
Venant,Dell,I7,16,512,400 000 F Cfa
Neuf,Dell,i7,16,512,350 000 F Cfa
Neuf,HP,i5,8,256,250 000 F Cfa
Venant,HP,i5,8,256,325 000 F Cfa
Venant,HP,,4,128,100 000 F Cfa
Venant,HP,I5,8 go,256 ssd,250 000 F Cfa
Neuf,MSI,I7-2700H,64GB DDR5 (4800MHz),SSD 2TB,1 850 000 F Cfa
Venant,HP,i5 6th,8,500Go,165 000 F Cfa
Réconditionné,HP,i7,8 go,256 ssd,275 000 F Cfa
Neuf,Lenovo,Rayzen 7 Pro,16g,512 ssd,480 000 F Cfa
Réconditionné,HP,Core i5,8Go,500 go et 256Go SSD,75 000 F Cfa
Venant,Lenovo,I5,16,512,350 000 F Cfa
Venant,Lenovo,I5,8,256,220 000 F Cfa
Venant,Microsoft Surface,I5,8,256,240 000 F Cfa
Venant,HP,I5,8,256,225 000 F Cfa
Neuf,Dell,Core i7 11th gen,32Gb,512 ssd,680 000 F Cfa
Neuf,HP,,,,140 000 F Cfa
Neuf,Lenovo,i7,16Go,1TB SSD,700 000 F Cfa
Venant,Apple,M1,8,256,600 000 F Cfa
Venant,Apple,Core i5,16Gb,1T ssd,600 000 F Cfa
Venant,HP,i5 7th,8,500 go hdd ou 128 go ssd,190 000 F Cfa
Neuf,Apple,8CPU 8GPU,8Go,SSD 256Go,500 000 F Cfa
Venant,Dell,i7,8 Go,256 Go ssd,185 000 F Cfa
Venant,Lenovo,i5,16 Go,500 Go,180 000 F Cfa
Neuf,Dell,Core i5,8go,256go,390 000 F Cfa
Neuf,Apple,,,,875 000 F Cfa
Neuf,ASUS,,,,700 000 F Cfa
Neuf,Lenovo,i7-12850HX,64GB DDR5,SSD 1TB,1 850 000 F Cfa
Venant,HP,Core I5,4 Go,500 Go,180 000 F Cfa
Neuf,HP,,4,64,100 000 F Cfa
Venant,Dell,Core i5,8 Go,256 Go ssd,115 000 F Cfa
Neuf,Dell,i7,512,32,700 000 F Cfa
Venant,Apple,,,,350 000 F Cfa
Venant,Lenovo,i7 ✅,32 GO ✅,500 GO SSD ✅,370 000 F Cfa
Venant,Apple,i5 ✅,8 GO ✅,256 GO SSD ✅,260 000 F Cfa
Venant,Apple,Core i5,8Go,128Go,250 000 F Cfa
Neuf,Microsoft Surface,I5,8,128,225 000 F Cfa
Neuf,Lenovo,I7,32,512,350 000 F Cfa
Neuf,HP,I7,16 go,512ssd,400 000 F Cfa
,,,,,475 000 F Cfa
Venant,HP,i3 ✅,4 GO ✅,1000 GO ✅,300 000 F Cfa
Venant,Lenovo,Ryzen 7 ✅,16 GO ✅,500 GO SSD ✅,370 000 F Cfa
Réconditionné,HP,i5,8 go,256 ssd,215 000 F Cfa
Neuf,Lenovo,I7,64,1000,1 350 000 F Cfa
Venant,Dell,i7,24,512,320 000 F Cfa
Neuf,HP,4.7GHZ,8GO,512GO,550 000 F Cfa
,,,,,475 000 F Cfa
,,,,,450 000 F Cfa
Venant,Dell,i7,16,512,380 000 F Cfa
Venant,HP,Core i5,4 Go,500 Go,65 000 F Cfa
Venant,Apple,2.5 GHz,16go,512ssd,350 000 F Cfa
Venant,Apple,1.6Ghz,16go,512ssd,450 000 F Cfa
Venant,Apple,Core i5,8g,1terra,155 000 F Cfa
Neuf,Autre,I5,8gb,1tb,260 000 F Cfa
Venant,Apple,M1,16,256,385 000 F Cfa
Neuf,Dell,Corei5,8,256,380 000 F Cfa
Venant,Lenovo,Cor i7,8go,256ssd,280 000 F Cfa
Neuf,Acer,Cor i3,8 go,512ssd,350 000 F Cfa
Neuf,Dell,i7,16,512,550 000 F Cfa
Neuf,Lenovo,i5,16go,512go,280 000 F Cfa
Venant,Lenovo,I7,16,1000,350 000 F Cfa
Neuf,HP,I7,16,512,550 000 F Cfa
Venant,Lenovo,i3,8,256,165 000 F Cfa
Neuf,HP,i7,16,512,250 000 F Cfa
Venant,HP,cor i5,4GO,500 Go,85 000 F Cfa
Venant,HP,,,,150 000 F Cfa
Neuf,Dell,i7 1260P 16 CPU,16Go,SSD 512Go,690 000 F Cfa
Venant,Lenovo,ICOR 7,16G,1TERA,200 000 F Cfa
Venant,Lenovo,ICOR 9,32G,1 TERA,550 000 F Cfa
Neuf,Microsoft Surface,I5-10Th,8 go,128ssd,320 000 F Cfa
D'occasion,Lenovo,r7,16,512,455 000 F Cfa
Venant,Lenovo,i5 7th,8,500 Go hdd,160 000 F Cfa
Venant,HP,cor i5,8 Go,500 Go,90 000 F Cfa
Venant,Apple,1.6Ghz,8go,128ssd,200 000 F Cfa
Venant,Dell,1.90 GHz,8go,512ssd,180 000 F Cfa
Venant,Dell,cor i7,8 Go,256 Go SSD,175 000 F Cfa
Venant,Lenovo,i7 8th,8,256 go ssd,250 000 F Cfa
Venant,Dell,i5,8 Go,256 Go ssd,160 000 F Cfa
Venant,Dell,3 Ghz Core i5,4,500 Go,145 000 F Cfa
Venant,Dell,i7 8th 3.20 Ghz à 4.60 GHz,8 Go,256 SSD où 512 SSD,350 000 F Cfa
Neuf,Apple,M1,8Gb,256 ssd,490 000 F Cfa
Neuf,Acer,I5-11Th,8 go,512 ssd,380 000 F Cfa
Venant,Lenovo,i5,16,256Go,360 000 F Cfa
Venant,HP,,8,256,190 000 F Cfa
Venant,Dell,i7 2.7ghz,16,500,235 000 F Cfa
Neuf,HP,Core i5,8 Go,256 Go,450 000 F Cfa
Neuf,HP,i3 11th gen,8Go,512Go ssd,295 000 F Cfa
Venant,Dell,i7,12,256,185 000 F Cfa
Neuf,HP,,,,500 000 F Cfa
Neuf,Apple,,,,1 050 000 F Cfa
Venant,Apple,,,,400 000 F Cfa
Venant,Apple,M2,8 go,256 go,570 000 F Cfa
Venant,Apple,I5,8go,256 go,360 000 F Cfa
Neuf,HP,Ryzen 5 ✅,16 GO ✅,500 GO SSD ✅,350 000 F Cfa
Venant,Lenovo,CORE i5 ✅,8 GO ✅,256 GO SSD ✅,250 000 F Cfa
Venant,Dell,"Intel(R) Core(TM) i7 -8560U CPU @ 1,90GHZ 2.11 GHZ",16 Go,256 Go,180 000 F Cfa
Neuf,HP,i3 11th gen,8Go,512 go ssd,295 000 F Cfa
Neuf,HP,i5 11th,8,256 go ssd,365 000 F Cfa
Venant,Dell,2.21,16go,512ssd,350 000 F Cfa
Venant,Microsoft Surface,ICOR 7,16G,512 SSD,275 000 F Cfa
Neuf,Dell,Core i7 11th,32go,1to,620 000 F Cfa
Venant,Lenovo,I7,16,512,370 000 F Cfa
Venant,Microsoft Surface,I7,16,512,390 000 F Cfa
Neuf,HP,6,4,8,850 000 F Cfa
Venant,Lenovo,I5,16,1T,290 000 F Cfa
Venant,Dell,i5,16go,Disc SSD 250go HDD 1to,110 000 F Cfa
Venant,Dell,1.40,4g,128ssd,120 000 F Cfa
Venant,Dell,I5,8,256,290 000 F Cfa
Venant,Lenovo,AMD,8,256,290 000 F Cfa
Neuf,Lenovo,I5-11300H,16GB,512 Go,585 000 F Cfa
Neuf,Apple,Core i5,16 Go,256 Go,450 000 F Cfa
Neuf,Lenovo,DUAL CORE,4Go,512 SSD,180 000 F Cfa
Neuf,Dell,Core i7,32go,512ssd,580 000 F Cfa
Neuf,HP,Core i5,8go,256ssd,230 000 F Cfa
Venant,Dell,i7 ✅,16 GO ✅,500 GO SSD ✅,260 000 F Cfa
Venant,Apple,2.0,8Go,500Go,160 000 F Cfa
Venant,Apple,I5,8,500,185 000 F Cfa
Venant,Lenovo,I7,16,512Go,550 000 F Cfa
Venant,Dell,i7,8,500 go hdd ou 128 go ssd,150 000 F Cfa
Neuf,Lenovo,Ryzen 7,16go,512go,390 000 F Cfa
Venant,HP,Duo core 1.6,4,128 Go SSD,90 000 F Cfa
Venant,Lenovo,Core i3,8 Go,500 Go,110 000 F Cfa
Venant,HP,I5,8 go,512 ssd,300 000 F Cfa
Neuf,ASUS,i7-13700K,64GB DDR5,2TB,1 950 000 F Cfa
Neuf,Lenovo,Core i7 10th,32go,512go,490 000 F Cfa
Réconditionné,HP,Intel core i5,8giga,500giga,150 000 F Cfa
Venant,Lenovo,I5,8 go,512 ssd,300 000 F Cfa
Venant,Lenovo,I7,16,512,260 000 F Cfa
Neuf,Dell,i9 16 Processeurs 11eme generation,32Go,SSD 1To,800 000 F Cfa
Neuf,ASUS,I7-11Th,16 go,512 ssd,850 000 F Cfa
Venant,HP,core i5,8 Go,500 Go,175 000 F Cfa
Venant,HP,cor i5,16 Go,256 Go SSD,250 000 F Cfa
Venant,Apple,2.6Ghz,16go,256ssd et 512ssd,600 000 F Cfa
Venant,Dell,13 pouces,8,256,200 000 F Cfa
Neuf,Dell,Core i5,16go,256go,390 000 F Cfa
Neuf,Autre,Intel,4,64,120 000 F Cfa
Venant,Lenovo,Intel,4,297,90 000 F Cfa
Venant,Apple,Core i5,8Go,128Go,300 000 F Cfa
Venant,HP,i7 ✅,16 GO ✅,500 GO SSD ✅,260 000 F Cfa
Venant,HP,Duo,4 Go ✅,500 Go ✅,100 000 F Cfa
Venant,Dell,i5,8,256,160 000 F Cfa
Neuf,Dell,Core i5,8go,256go,320 000 F Cfa
Venant,Dell,CORE I7,8,500,120 000 F Cfa
Venant,Dell,"Intel Core i5-4790S 3,2 GHz",16 GB,1000 SSD,350 000 F Cfa
Neuf,Lenovo,Rizen 7 série 500,16,512 Gigas SSD,450 000 F Cfa
Venant,Dell,CORE i5 ✅,8 GO ✅,256 GO SSD ✅,200 000 F Cfa
Venant,HP,i5,8 Go,500 Go,200 000 F Cfa
Venant,HP,cor i7,8 Go,256 Go SSD,225 000 F Cfa
Neuf,Apple,M2,8,256,650 000 F Cfa
Venant,HP,I5,8,256,300 000 F Cfa
Neuf,Lenovo,Core i7,16Go,512Go,380 000 F Cfa
Venant,Dell,i5,8,320 go hdd,110 000 F Cfa
Neuf,Lenovo,I7,16,512,285 000 F Cfa
Neuf,HP,Intel Xeon E-2314,16GB,1TERA,930 000 F Cfa
Neuf,Dell,i7,16gb,512gb,650 000 F Cfa
Neuf,HP,I5 13eme Generation,16GB option 32GB,SSD 512GO OPTION 1 TERA,690 000 F Cfa
Venant,Apple,M1 MAX,32GB,1TB,1 250 000 F Cfa
Venant,MSI,I5 10eme,16giga,512giga Ssd,680 000 F Cfa
Neuf,Dell,Core i7 11th,64go,2to,850 000 F Cfa
Neuf,Apple,I7,16,512,550 000 F Cfa
Neuf,HP,I7,16,512,425 000 F Cfa
Neuf,Lenovo,I5,16,512,325 000 F Cfa
Neuf,Acer,i7-11370H,16 Go,SSD 1TB,850 000 F Cfa
Venant,Apple,M1,8,256,450 000 F Cfa
Neuf,HP,Core i7,16Go,512Go,600 000 F Cfa
Neuf,Lenovo,I7,16 go,512 ssd,400 000 F Cfa
Neuf,Lenovo,Intel cor i9,32g,1 Terra SSD,650 000 F Cfa
Neuf,Apple,Core i5,8go,128go,320 000 F Cfa
Neuf,HP,i5,16,512,450 000 F Cfa
Venant,Lenovo,i7,16,512,330 000 F Cfa
D'occasion,HP,M3 7th Gen,8,256 SSD,95 000 F Cfa
Venant,ASUS,I7,16 go,512 ssd,650 000 F Cfa
Venant,Lenovo,cor i5,16 Go,500 Go,200 000 F Cfa
Neuf,Acer,2.42Ghz,16go,500ssd,400 000 F Cfa
Neuf,Acer,i9-13900HX,16GB DDR5 (5600MHz),SSD 1TB,1 350 000 F Cfa
Venant,Lenovo,Core i5,8Go,256Go,160 000 F Cfa
Neuf,Apple,M2,16,512,999 000 F Cfa
Neuf,ASUS,I7-11Th,16 go,512 ssd,500 000 F Cfa
Neuf,HP,CORE I3,4 GO,500 GO,150 000 F Cfa
Neuf,Lenovo,I7,16,512,750 000 F Cfa
Venant,Dell,I7,16,512,390 000 F Cfa
Neuf,Autre,,,,100 000 F Cfa
Neuf,Autre,,,128,135 000 F Cfa
Neuf,HP,i7-10750H,32 Go,SSD 1TB,850 000 F Cfa
Venant,Autre,Intel core i7,16GB DDR4,512GB SSD,425 000 F Cfa
Neuf,Lenovo,Core i5 8th génération,8 Go,256 Go SSD,280 000 F Cfa
Neuf,Lenovo,,,,650 000 F Cfa
Venant,Apple,,,,600 000 F Cfa
Neuf,HP,intel core i5,16 go,512go,480 000 F Cfa
Neuf,Lenovo,core i5 12th Gen,16GB,512 ssd,480 000 F Cfa
Neuf,HP,Core i7 11th gen,16Gb,512 ssd,600 000 F Cfa
Neuf,MSI,Core i7,24GB,1To,585 000 F Cfa
Venant,ASUS,,16GB,512 Go,550 000 F Cfa
Venant,Lenovo,I7,32,2000,385 000 F Cfa
Neuf,Acer,i5-11400H,8go,256ssd,600 000 F Cfa
Venant,Dell,I5-12th Gen,32,512,430 000 F Cfa
Neuf,HP,I5 11th,16,256,420 000 F Cfa
Neuf,HP,I5 11th Gen,8,512,390 000 F Cfa
Venant,Samsung,I5 12th gen,8,512,450 000 F Cfa
Venant,Lenovo,I7 8550,16,256 GB,299 000 F Cfa
Venant,Apple,ICOR 5,16G,256 SSD,224 999 F Cfa
Venant,HP,ICOR 5 1.90 GHZ,16G,512SSD,200 000 F Cfa
Venant,Lenovo,1.90 GHz,16G,512 SSD,160 002 F Cfa
Venant,Apple,ICOR 7,16G,512 SSD,300 000 F Cfa
Venant,HP,AMD A10,4G,500G,80 000 F Cfa
Venant,Apple,Core i9,32Go,500Go SSD,600 000 F Cfa
Neuf,Apple,Core i5,8go,256go,490 000 F Cfa
Venant,HP,,8go,,150 000 F Cfa
Venant,HP,,256go,,200 000 F Cfa
Neuf,Autre,i7 8eme Generation,16Go,SSD 512Go,450 000 F Cfa
Venant,Microsoft Surface,i5,8gb,256gb,420 000 F Cfa
Venant,Apple,I7,16,256,400 000 F Cfa
Neuf,Apple,M1,8,256,400 000 F Cfa
Neuf,Dell,I7,16,512,750 000 F Cfa
Venant,Apple,i7,16,1000,525 000 F Cfa
Venant,Lenovo,I5 2.6ghz,16go,512go,400 000 F Cfa
Neuf,Dell,Ryzen 5 Pro 12 Processeurs,8go,256Go,250 000 F Cfa
Venant,Lenovo,i 8th,16,256 go ssd,220 000 F Cfa
Venant,Lenovo,Core i5 12é génération,8Go,512Go SSD,290 000 F Cfa
Venant,Lenovo,Core i7,12Go,1256Go,270 000 F Cfa
Venant,Dell,,8,SSD M2 128GB,125 000 F Cfa
Venant,Lenovo,3.20,16,256,285 000 F Cfa
Neuf,Lenovo,I7,16GB,1TB,460 000 F Cfa
Neuf,Dell,i7,32GB,1TB,950 000 F Cfa
Neuf,HP,Core i7 12th gen,16gb,512 ssd,700 000 F Cfa
Réconditionné,Lenovo,CORE I7,16GO,512SSD,300 000 F Cfa
Venant,Lenovo,I7,16,512,600 000 F Cfa
Réconditionné,HP,CORE I7,16GO,512 SSD,300 000 F Cfa
Neuf,Apple,,8,512,600 000 F Cfa
Venant,Apple,M1,8,512GB,595 000 F Cfa
Neuf,Dell,i5 11eme Generation 3.0Ghz,32Go,512Go SSD,350 000 F Cfa
Neuf,Microsoft Surface,SQ2,16,512,850 000 F Cfa
Neuf,HP,Core i5 13th gen,16gb,512 ssd,650 000 F Cfa
Neuf,Lenovo,i7 10ème Génération,32Go DDR4 (extensible à 64Go),SSD 1To (2nd slot libre),475 000 F Cfa
Neuf,Apple,M2,8go,256ssd,750 000 F Cfa
Neuf,Razer blade,i7,16gb,512gb,550 000 F Cfa
Venant,Microsoft Surface,i7,8,256,360 000 F Cfa
Neuf,HP,M3,8,256,115 000 F Cfa
Neuf,Lenovo,I5,16,512,285 000 F Cfa
Neuf,Apple,M1,16,512,500 000 F Cfa
Venant,Apple,I7,16,512,375 000 F Cfa
Venant,HP,CORE I5,8,500,110 000 F Cfa
Neuf,HP,i7,32GB,1TB,999 000 F Cfa
Neuf,HP,Corei5,8,256giga ssd,220 000 F Cfa
Neuf,HP,Corei7,16,512ssd,285 000 F Cfa
Neuf,Apple,M2,8Go,256 SSD,700 000 F Cfa
Neuf,HP,Corei5,8,256ssd,220 000 F Cfa
Neuf,HP,Corei5,8,256,200 000 F Cfa
Neuf,HP,Corei7,16,512,350 000 F Cfa
Venant,Apple,i5,8,128,350 000 F Cfa
Venant,HP,Intel Core i5 (4 CPUs) 2.5GHz,8 GB,256GB SSD,180 000 F Cfa
Neuf,Apple,i9,32Go,SSD 512Go,600 000 F Cfa
Neuf,Apple,M2,8,256,949 000 F Cfa
Venant,HP,AMD Ryzen 7 PRO 4750U with Radeon Graphics,16GB,512GB SSD,450 000 F Cfa
Neuf,Acer,Core i7-11800H 3.20Ghz,16 Go,1 To SSD m2,820 000 F Cfa
Venant,Acer,Core i7,8Go,512Go,350 000 F Cfa
Venant,Dell,Core i5,8 Go,256 Go ssd,165 000 F Cfa
Venant,HP,,,,45 000 F Cfa
Venant,Dell,,,,145 000 F Cfa
Neuf,Dell,Quad core,8Go,128 SSD,105 000 F Cfa
Neuf,Apple,i9 6coeurs,32Go,SSD 512Go,600 000 F Cfa
Venant,Lenovo,Intel Core i5 - 10ème génération,16GB,256GB SSD,380 000 F Cfa
Neuf,HP,,,,155 000 F Cfa
Neuf,HP,,,,175 000 F Cfa
Neuf,Apple,Corei7,8,256,475 000 F Cfa
Venant,HP,Intel Core m7 _ 6Y75 CPU,8 GB,256GB SSD,250 000 F Cfa
Venant,HP,Intel Core i7 - 10ème génération,16GB,512GB SSD,549 997 F Cfa
Venant,,,,,83 000 F Cfa
Neuf,Apple,,8GB,256GB,499 900 F Cfa
Venant,Apple,M2,8,256,650 000 F Cfa
Venant,Apple,M1,16,512,680 000 F Cfa
Venant,ASUS,Core i5,8,512,375 000 F Cfa
Venant,Apple,I9,16,512,650 000 F Cfa
Venant,MSI,I7,32,512+1tb,550 000 F Cfa
Venant,HP,Core i5,8Go,256Go,160 000 F Cfa
Neuf,MSI,I7 12eme Generation,16GB DDR5,1Tera SSD,950 000 F Cfa
Venant,HP,Intel Core i5 - 8ème génération,16GB,512GB SSD,380 000 F Cfa
Venant,HP,Intel Core i5 - 8ème génération,8 GB,512GB SSD,280 000 F Cfa
Neuf,Lenovo,Core i5,8go,256go,190 000 F Cfa
Neuf,ASUS,i7,16,512,350 000 F Cfa
Venant,HP,Core I5,16Gb,256 Ssd,250 000 F Cfa
Venant,Lenovo,I7,32,2000,475 000 F Cfa
Neuf,Apple,Core i7,32Go DDR4,1To SSD,599 000 F Cfa
Venant,Apple,Core i5,8go,512ssd,450 000 F Cfa
Venant,HP,2.9ghz,32go,1000go,500 000 F Cfa
D'occasion,HP,"2,6ghz",2GO,160GO,35 000 F Cfa
D'occasion,Acer,3Ghz,4 Go,500 Go,55 000 F Cfa
D'occasion,HP,"3,40 GHZ",8,500,90 000 F Cfa
D'occasion,HP,2.6 Ghz,4 go,250 go,40 000 F Cfa
Venant,HP,Core i5 6é génération,8Go,128Go ssd ou 500Go HDD,130 000 F Cfa
Venant,Lenovo,Core i5 13é Génération,16Go DDR5,512Go SSD,450 000 F Cfa
Neuf,Lenovo,RYZEN 7-7745H,32 Go DDR5 (4800MHz),SSD 1TB,1 350 000 F Cfa
Venant,HP,I5,8,256,270 000 F Cfa
Neuf,Dell,I5,8,256,290 000 F Cfa
Venant,Dell,i5,8 Go,500 Go,185 000 F Cfa
Neuf,Dell,I7,16GB,512GB,450 000 F Cfa
Venant,ASUS,Core i5,6g,500g,100 000 F Cfa
Venant,Lenovo,I5,4,1terre,45 000 F Cfa
Venant,HP,Core 2,4,,25 000 F Cfa
Venant,HP,I5,4,1terra,45 000 F Cfa
Venant,HP,,,,25 000 F Cfa
Venant,Lenovo,,4,128,55 000 F Cfa
Neuf,Lenovo,,4,256,275 000 F Cfa
Neuf,HP,I3-1005G1,8,500,395 000 F Cfa
Neuf,Dell,I7,16,512,450 000 F Cfa
Venant,Dell,Cor i5,16 Go,256SSD,250 000 F Cfa
Neuf,HP,Core i7,32 Go DDR4,512Go SSD,800 000 F Cfa
Venant,HP,Intel Core i7_10TH GEN,16GB,512GB SSD,430 000 F Cfa
Venant,HP,Intel core i5,8 giga,256 Go ssd,215 000 F Cfa
Venant,Apple,i7,16 Go,512 Go,1 550 000 F Cfa
Venant,HP,i3,,,200 000 F Cfa
Neuf,Microsoft Surface,Intel core i5,8 Gb,256 Gb,250 000 F Cfa
Neuf,Apple,M2,16Go,256 SSD,850 000 F Cfa
Neuf,ASUS,Core i7,32 Go,SSD 1TB,850 000 F Cfa
Venant,ASUS,1.10Ghz,4go,64go,100 000 F Cfa
Venant,Apple,M1 PRO,16GB,512GB,860 000 F Cfa
Neuf,Apple,M3 PRO,18GB,512GB,1 450 000 F Cfa
Venant,Apple,Apple M2 Pro,16Go,512Go SSD,1 050 000 F Cfa
Venant,Lenovo,core i5 8th,16,512,180 000 F Cfa
Venant,Lenovo,I7 2.7ghz,16go,1000go (1tb),450 000 F Cfa
Neuf,HP,,,,350 000 F Cfa
Neuf,Lenovo,,,,550 000 F Cfa
Réconditionné,HP,CORE I5,8GO,256SSD,140 000 F Cfa
D'occasion,HP,i5,16,256,310 000 F Cfa
Neuf,Apple,COREI7,16,2017,550 000 F Cfa
Neuf,HP,I7,32,512,390 000 F Cfa
Neuf,Dell,i7,16Go,512 SSD,600 000 F Cfa
Venant,Apple,Core i5,8 Go,500 Go,150 000 F Cfa
Neuf,Apple,i9,32Go,512 SSD,650 000 F Cfa
Venant,Dell,I7 10eme Generation,16GB DDR4 option 32GB,SSD 512GO,650 000 F Cfa
Venant,Apple,2.2 Ghz core i7,8 Go,256 Go SSD,210 000 F Cfa
Venant,HP,I7,16,512,175 000 F Cfa
Venant,Apple,I7,16,512,460 000 F Cfa
Venant,HP,Core i5,8Go DDR4,SSD 256Go (extensible à 512Go),245 000 F Cfa
Venant,Lenovo,Intel,8gb,256gb,175 000 F Cfa
Venant,Lenovo,I7,32,512,230 000 F Cfa
Venant,Lenovo,I5,8,256,145 000 F Cfa
Venant,Apple,I7,512,16,275 000 F Cfa
Venant,Apple,I7,16,512,450 000 F Cfa
Neuf,HP,i7 10th,12,1 to HDD,520 000 F Cfa
Venant,HP,2.60,8,500,150 000 F Cfa
Neuf,ASUS,i7,32,1000,750 000 F Cfa
Neuf,Apple,M2,8,256,750 000 F Cfa
Venant,Lenovo,I5,8,256,145 000 F Cfa
Venant,Lenovo,I5,8,256,145 000 F Cfa
Venant,HP,I5,8,500,125 000 F Cfa
Neuf,Acer,core I7 13700H,16Go,1To,1 025 000 F Cfa
Venant,HP,Intel core i5,8 go,500 go,90 000 F Cfa
Venant,HP,Intel Xeon 3.3 GHz,16 go,1To,275 000 F Cfa
Neuf,HP,i5,8,256,145 000 F Cfa
Neuf,HP,Corei7,32Giga,512Giga Ssd,500 000 F Cfa
Neuf,HP,Corei5,8,256,200 000 F Cfa
Venant,Apple,,8 go,128 ssd,400 000 F Cfa
Venant,Apple,M2,8Go,256Go de SSD,650 000 F Cfa
Venant,Dell,I7 6eme,32 go,SSD 512,390 000 F Cfa
Neuf,,,,,170 000 F Cfa
Venant,Autre,,,,25 000 F Cfa
Venant,Apple,i5,8,256,365 000 F Cfa
Venant,Apple,i5,8,256,290 000 F Cfa
Neuf,Lenovo,Core i5 12th Gen,16GB,256 Go,450 000 F Cfa
Venant,Apple,Core i5,8Go,120Go SSD,190 000 F Cfa
Venant,Apple,Core i5,8Go,250Go SSD,190 000 F Cfa
Venant,HP,i5,16 Go,500 Go,125 000 F Cfa
Venant,Lenovo,i5,8 Go,256 Go ssd,250 000 F Cfa
Venant,Dell,,,,
Neuf,HP,Corei7,16,512Giga Ssd,325 000 F Cfa
Venant,Lenovo,I5,8,128,
Venant,ASUS,I7,16,256,
Venant,Lenovo,I7,16,256,
Venant,Lenovo,Ryzen 7,16GB,256,
Neuf,HP,CoreM3,8,128Giga ssd,90 000 F Cfa
Neuf,MSI,Core i7-10875H 2.20ghz,16 Go,1 To SSD m2,620 000 F Cfa
Venant,Dell,Core i7 8th gen,8,,199 000 F Cfa
Venant,Lenovo,I7,32,1to,350 000 F Cfa
Venant,Dell,I7,16,512,
Neuf,Apple,M3,8,512,1 450 000 F Cfa
Venant,Apple,Core i7,8Go,256Go SSD,175 000 F Cfa
Venant,HP,Intel celeron,2,160,60 000 F Cfa
Neuf,ASUS,Core i3,8,256,310 000 F Cfa
Neuf,ASUS,Core i5,8,256,375 000 F Cfa
Neuf,HP,,,256 SSD/ 500 Go,
Neuf,Apple,,8,256,450 000 F Cfa
Venant,Dell,I5 12300u jusqu’à 4.40ghz,16go,512go,400 000 F Cfa
Venant,HP,2.4GHZ,16GO,512go,349 997 F Cfa
Venant,Dell,2.5,16go,512go.,450 000 F Cfa
Neuf,HP,Core i7,,1tera,675 000 F Cfa
Venant,HP,i3,8,1000,130 000 F Cfa
Venant,HP,Cor i7,16 Go,500 Go,150 000 F Cfa
D'occasion,HP,Intel Core i5,16 Go,1 To,95 000 F Cfa
Neuf,Compaq,i7-12800H,64 Go,2 To SSD,750 000 F Cfa
Neuf,HP,Corei7,16,512ssd,850 000 F Cfa
Neuf,HP,Intel Silver,8,256Giga ssd,130 000 F Cfa
Neuf,HP,Corei5,8,256ssd,200 000 F Cfa
Neuf,Apple,16 inch,48,1 tera,2 900 000 F Cfa
Venant,HP,core i7,16GB,512 ssd,380 000 F Cfa
Venant,Lenovo,Intel core i5,8,256,155 000 F Cfa
Venant,HP,Amd a10,8,256,145 000 F Cfa
D'occasion,Apple,,,,575 000 F Cfa
Venant,Dell,,4,500,90 000 F Cfa
Venant,Microsoft Surface,Intel core i5,8gb,128gb,265 000 F Cfa
Venant,Apple,Core i5,8Go,256Go,200 000 F Cfa
Venant,HP,Intel core m5,16,256,180 000 F Cfa
Neuf,Dell,CORE I5,16 GO,512 SSD,398 999 F Cfa
Venant,Lenovo,CORE i5 ✅,8 GO ✅,128 Go SSD✅-,100 000 F Cfa
Neuf,Apple,M3,8,512,1 400 000 F Cfa
Réconditionné,HP,Intel core i5,8giga,500giga,149 900 F Cfa
Réconditionné,Lenovo,Intel dual core,4giga,320giga,80 000 F Cfa
Réconditionné,HP,Intel dual core,4giga,320giga,90 000 F Cfa
D'occasion,HP,,,,220 000 F Cfa
Venant,Dell,Core i5,8,SSD 256,149 900 F Cfa
Réconditionné,Dell,Intel core i5,8giga,SSD 256giga,165 000 F Cfa
Neuf,HP,,8go,,95 000 F Cfa
Venant,ASUS,Core 2,4,500,100 000 F Cfa
Neuf,ASUS,I5,8 go,128ssd+500go,250 000 F Cfa
Venant,Lenovo,Intel core i7,16,256,260 000 F Cfa
Réconditionné,HP,CORE I5,8GO,256 GO SSD,150 000 F Cfa
Venant,HP,A8 Pro,8Go ram,256Go SSD,140 000 F Cfa
Venant,Lenovo,Intel,8,256,180 000 F Cfa
Venant,HP,A8 Pro,16Go,256Go SSD,150 000 F Cfa
Neuf,ASUS,I9,16,1tb,680 000 F Cfa
Neuf,Microsoft Surface,Intel Core i7 de 10ème génération,16Go,512Go,390 000 F Cfa
Venant,Apple,I7,16,512,475 000 F Cfa
Neuf,Apple,M2,8,256,980 000 F Cfa
Venant,Apple,M1,16,256,495 000 F Cfa
Neuf,MSI,,,,950 000 F Cfa
Venant,HP,Amd,8,256,125 000 F Cfa
Venant,Lenovo,Intel,16,256,175 000 F Cfa
Venant,Microsoft Surface,ICOR 5 / 2.40GHZ,16G,256SSD,280 000 F Cfa
Neuf,HP,Intel Celeron N4120 (1.10GHz (4CPUs),4G,1T SATA,237 500 F Cfa
Neuf,,,,,50 000 F Cfa
Venant,Apple,I5,16,256,450 000 F Cfa
Neuf,,Core I5 12500H,16Go,512Go SSD,850 000 F Cfa
Venant,HP,i5,8,256,145 000 F Cfa
Neuf,HP,Corei7,16,512Giga Ssd,285 000 F Cfa
Neuf,Lenovo,i5,16,512,375 000 F Cfa
Venant,HP,Ryzen 5,8,512,250 000 F Cfa
Venant,HP,,,,220 000 F Cfa
Neuf,Lenovo,Icore5,8GB,256GB,175 000 F Cfa
Neuf,Lenovo,Icore7,8GB,256GB,225 000 F Cfa
Venant,Lenovo,Duo core,4,128 go ssd,90 000 F Cfa
Venant,Lenovo,,,,85 000 F Cfa
Venant,Microsoft Surface,Intel,4,128,100 000 F Cfa
Neuf,Lenovo,Ryzen 5pro,16,256Ssd,235 000 F Cfa
Neuf,HP,Ryzen 5pro,16,256Ssd,315 000 F Cfa
Venant,Apple,Intel core i6,16,1to ssd,430 000 F Cfa
Venant,HP,,,,95 000 F Cfa
Venant,Apple,Intel core i7,16,256,420 000 F Cfa
Venant,HP,cor i5,8go,500 Go,125 000 F Cfa
Neuf,Microsoft Surface,i5,8,128,349 000 F Cfa
Venant,Apple,1.6Ghz,4go,128go,160 000 F Cfa
Neuf,Acer,I7,12 go,512 ssd,500 000 F Cfa
Neuf,HP,i7,16Go,512 SSD,500 000 F Cfa
Neuf,HP,Ryzen 5,16,256Giga ssd,315 000 F Cfa
Neuf,Apple,I3,8 go,256 ssd,400 000 F Cfa
Venant,Dell,Intel core i5,8,256,165 000 F Cfa
Venant,HP,Core i7,16,1000 go,389 900 F Cfa
Venant,HP,Core i5,8,500,139 900 F Cfa
Neuf,ASUS,Ryzen 9-6800H,16GB,SSD 1TB,750 000 F Cfa
Neuf,HP,Corei7,16,512Giga Ssd,700 000 F Cfa
Neuf,Lenovo,i7,16Go,512 SSD,650 000 F Cfa
D'occasion,Apple,2.9,16go,512ssd,450 000 F Cfa
Neuf,Lenovo,Corei7,16,512Giga Ssd,320 000 F Cfa
Neuf,HP,Ryzen 5,16,256 Ssd,315 000 F Cfa
D'occasion,Apple,I5,8,256,175 000 F Cfa
Venant,HP,1.80Ghz,16go,512ssd,350 000 F Cfa
Neuf,HP,Corei7,16,512Giga Ssd,280 000 F Cfa
Neuf,Lenovo,Corei7,16,512Giga Ssd,320 000 F Cfa
Neuf,MSI,i7,16,1TB,799 000 F Cfa
Neuf,Lenovo,Corei7,16,512ssd,280 000 F Cfa
Venant,Lenovo,CORE i5 ✅,16 GO ✅,500 GO SSD ✅,350 000 F Cfa
Venant,Acer,CORE i5 ✅,16 GO ✅,256 GO SSD ✅,330 000 F Cfa
Neuf,Lenovo,i5,8go,256,130 000 F Cfa
Venant,Lenovo,i5,8go,256go ssd,150 000 F Cfa
Venant,Lenovo,I5,16,256,
Neuf,HP,icore5 Intel,8GB,256GB SSD,175 000 F Cfa
Neuf,Apple,M2,8GB,256GB,799 000 F Cfa
Neuf,Apple,M3,8,256,849 000 F Cfa
D'occasion,Apple,,16,256,750 000 F Cfa
D'occasion,Apple,,,,150 000 F Cfa
Venant,Apple,I5,8,256,
Venant,Lenovo,I5`,8,128,
Neuf,Apple,,,256,700 000 F Cfa
Neuf,HP,i7,16Go,512 SSD,450 000 F Cfa
Venant,HP,I7,16,512,300 000 F Cfa
Venant,HP,Core i5 11ème génération,8Go,256Go SSD,395 000 F Cfa
Neuf,Apple,M3 8C CPU 8C GPU,8GB,256GB,890 000 F Cfa
Venant,Dell,i7,16,512,330 000 F Cfa
Venant,Apple,I7,16,512,450 000 F Cfa
Venant,Apple,M1,8,256,450 000 F Cfa
Venant,Apple,i5,8,512,200 000 F Cfa
Venant,Apple,Core i5,16Go,512Go SSD,350 000 F Cfa
Neuf,Apple,m3,8,256,800 000 F Cfa
Venant,Apple,Intel Core i5 - Intel Core i7,8Go - 16Go,250Go / 500Go,335 000 F Cfa
Venant,Lenovo,2.50,8,128,145 000 F Cfa
Neuf,HP,2.6,8,500,165 000 F Cfa
Venant,HP,"AMD Ryzen 5 3450U (2.1 GHz base clock, up to 3.5 GHz max boost clock)",16 go DDR4,512 Go SSD M2,200 000 F Cfa
Neuf,HP,2.8,8,750,175 000 F Cfa
Venant,Lenovo,Intel Core i5 10210U 10th génération,8 GO DDR4,256 GB SSD NVMe,250 000 F Cfa
Venant,Dell,Intel Core i7-8565U de 8ème génération,8 GO DDR4,256 SSD M2,230 000 F Cfa
Neuf,Apple,M1,16,512,525 000 F Cfa
Neuf,Lenovo,I7,32,512,350 000 F Cfa
Neuf,Lenovo,I5,16,512,285 000 F Cfa
Venant,HP,i7,16,512,425 000 F Cfa
Venant,HP,i7,32,256,450 000 F Cfa
Venant,Apple,M5,8,512,300 000 F Cfa
Venant,Microsoft Surface,I5,8,512,350 000 F Cfa
Venant,Microsoft Surface,i5,16,256,330 000 F Cfa
Neuf,HP,i7,16GB,1TB SSD,680 000 F Cfa
Neuf,HP,i7,16Go,512 SSD,800 000 F Cfa
Neuf,HP,i7,16Go,512 SSD,800 000 F Cfa
Venant,Apple,M1,16,2000,625 000 F Cfa
Neuf,Apple,M2,8,256,625 000 F Cfa
Neuf,HP,I7,16,512,390 000 F Cfa
Neuf,Lenovo,Ryzen 7 pro,16,512,290 000 F Cfa
Venant,Microsoft Surface,I7,16,256,
Venant,Microsoft Surface,I5,8,256,
Venant,Dell,i5,16Go,256Go,310 000 F Cfa
Venant,Dell,2.50,8,1000,100 000 F Cfa
Neuf,Microsoft Surface,I5,16,256,
Neuf,ASUS,I7 12700h 14CORES,16GB option 32GB,SSD 512GB Gen4 Option 1TB,900 000 F Cfa
Neuf,Apple,I9,16,1000,650 000 F Cfa
Neuf,HP,Ryzen 9,64go,1tbssd,600 000 F Cfa
Venant,Apple,i5,4,500,140 000 F Cfa
Neuf,HP,i5,16,512,699 000 F Cfa
Venant,Apple,Core i5,8giga,500giga,149 900 F Cfa
Neuf,MSI,i7-13620H,16GB,512 Go,785 000 F Cfa
Neuf,MSI,i7-13620H,16GB,SSD 1TB,850 000 F Cfa
Neuf,ASUS,i7-13620H,16GB,SSD 1TB,985 000 F Cfa
Venant,Lenovo,i9-12900HX,64GB DDR5,,1 750 000 F Cfa
Venant,Apple,M2pro,16go,512go,1 250 000 F Cfa
Neuf,Apple,M3,8,256GB,850 000 F Cfa
Neuf,Lenovo,i5,8,512,349 000 F Cfa
Neuf,HP,,16GB,256GB SSD,199 900 F Cfa
Venant,HP,cor i5,8 Go,256 Go SSD,150 000 F Cfa
Neuf,HP,Dual core,,1 To,199 000 F Cfa
Neuf,HP,,,,155 000 F Cfa
Neuf,Lenovo,Ryzen 7,16,512,265 000 F Cfa
Neuf,Dell,I5,8,256,210 000 F Cfa
Venant,ASUS,Core i7,16Go,1256Go,290 000 F Cfa
Venant,Apple,Core i5,8Go,256Go,250 000 F Cfa
Neuf,Lenovo,Ryzen 7,16,512,290 000 F Cfa
Venant,Lenovo,I5,8,256,145 000 F Cfa
Venant,Apple,I7,16,512,430 000 F Cfa
Venant,HP,,,,125 000 F Cfa
Neuf,Apple,Apple Puce M3,8Go,256 SSD,1 100 000 F Cfa
Venant,Apple,I7,16,512,430 000 F Cfa
Venant,Lenovo,I5,8,256,210 000 F Cfa
Venant,HP,I5,8,256,290 000 F Cfa
Venant,Dell,I7,16,512,275 000 F Cfa
Neuf,Dell,I5,8,256,210 000 F Cfa
Venant,HP,I5,8,256,275 000 F Cfa
Venant,HP,Core i3,4g,500g,60 000 F Cfa
Neuf,Acer,Core i9,16Gb,1T ssd,1 300 000 F Cfa
Venant,Dell,Core i7 7th Génération,16Go,512Go SSD,200 000 F Cfa
Venant,Dell,Core i7 6é génération,16Go ram ddr4,256Go SSD,150 000 F Cfa
Venant,HP,A10,16Go,500Go,125 000 F Cfa
Venant,HP,Core i7 7é génération,8Go,256Go SSD,250 000 F Cfa
Venant,Dell,Core i5 8é génération,16Go,256Go SSD,165 000 F Cfa
Venant,Dell,Core i5 6é génération,12Go ram DDR4,256Go SSD,135 000 F Cfa
Venant,Dell,Core i5 7th Génération,16Go ram,256Go SSD,150 000 F Cfa
Venant,HP,i7,8 Go,256 Go ssd,175 000 F Cfa
Venant,Lenovo,i5 6th,8,128 go ssd,145 000 F Cfa
Venant,Dell,,,,285 000 F Cfa
Venant,Apple,I7,16,512,275 000 F Cfa
Venant,Apple,M1,8,512,550 000 F Cfa
D'occasion,Apple,M1,8,256,450 000 F Cfa
Neuf,Apple,M2,24,1TO,700 000 F Cfa
Neuf,HP,core i7 11th gen,16GB,1t ssd,950 000 F Cfa
Venant,Apple,M2 Pro,16GB,512gGB,990 000 F Cfa
Venant,Apple,i9,16,512,500 000 F Cfa
Venant,Apple,i7,16,512,475 000 F Cfa
Venant,Apple,Corei7,16,512,470 000 F Cfa
Venant,HP,Core i5 6th Gen,16Go DDR4,128Go ssd + 500Go HDD,150 000 F Cfa
Neuf,HP,Corei7,16,512ssd,280 000 F Cfa
Neuf,Lenovo,Ryzen 7 pro,16,512,265 000 F Cfa
Neuf,HP,I5,16GB,512GB,650 000 F Cfa
Venant,Acer,Core i5 10é génération,8Go,512Go SSD,350 000 F Cfa
Neuf,HP,i5,8,256,599 000 F Cfa
Venant,Apple,Core i7,16Go,512Go SSD,475 000 F Cfa
Neuf,MSI,Corei7,32Giga,512Giga Ssd,400 000 F Cfa
Neuf,Dell,Corei7,16,512Giga Ssd,450 000 F Cfa
Venant,HP,,8,500 go hdd,110 000 F Cfa
Venant,HP,Amd a6,4,750,125 000 F Cfa
Neuf,Toshiba,Amd A10,8,500,110 000 F Cfa
Neuf,Apple,M2,8Go,256Go,850 000 F Cfa
Neuf,Apple,,,,15 000 F Cfa
Neuf,Microsoft Surface,Corei5,8,256,550 000 F Cfa
Venant,Lenovo,Core i3,4go,256Go,100 000 F Cfa
D'occasion,HP,I7,16,512,260 000 F Cfa
Neuf,HP,CORE I3,8,1000,250 000 F Cfa
Neuf,HP,,,,180 000 F Cfa
Neuf,HP,,,,250 000 F Cfa
D'occasion,Dell,I7,16,512,280 000 F Cfa
D'occasion,HP,I7,256,16,230 000 F Cfa
Venant,Dell,CORE i7 ✅,16 GO ✅,256 GO SSD ✅,285 000 F Cfa
Venant,Autre,CORE i7 ✅,8 GO ✅,500 GO SSD ✅,275 000 F Cfa
Venant,Dell,2.7,8go,500 go,80 000 F Cfa
Venant,ASUS,4ghz,16 go,256,225 000 F Cfa
Venant,HP,,,,20 000 F Cfa
Venant,Autre,,,,20 000 F Cfa
Venant,Autre,,,,20 000 F Cfa
Venant,Apple,Core i7,16Go,500Go SSD,375 000 F Cfa
Venant,Apple,M1,8,256,450 000 F Cfa
Neuf,MSI,i7,32 Go,1 To,999 000 F Cfa
Neuf,Lenovo,Core i7 4570T,8,500,135 000 F Cfa
Venant,HP,I5,8,256,245 000 F Cfa
Venant,Dell,I5,8,256,145 000 F Cfa
Venant,HP,I7,16,1000,439 900 F Cfa
Neuf,Apple,I5,8go,256ssd,300 000 F Cfa
Venant,Microsoft Surface,I5,8go,256ssd,240 000 F Cfa
Venant,ASUS,Ryzen 7,16Go,512Go,450 000 F Cfa
Venant,Apple,I5,8,512,275 000 F Cfa
Venant,HP,Intel Xeon 3.5 ghz,16 go,1256,260 000 F Cfa
Neuf,Apple,M1,8Go,256 SSD,450 000 F Cfa
Neuf,Autre,,8go,,380 000 F Cfa
Neuf,Dell,i7,16,512,499 000 F Cfa
Neuf,Lenovo,,24go,,220 000 F Cfa
Neuf,,,8go,,240 000 F Cfa
Neuf,Dell,i7,16,512,499 000 F Cfa
Venant,Lenovo,I5,8,256,
Neuf,Apple,"i7 2,6Ghz",16Go,SSD 1To,280 000 F Cfa
Neuf,Apple,i5 2020,8Go,SSD 500Go,450 000 F Cfa
Neuf,Apple,i5,8go,256go,320 000 F Cfa
Neuf,Apple,M1 Pro,16,512,875 000 F Cfa
Venant,HP,CORE i3 ✅,4 GO ✅,256 GO SSD ✅,125 000 F Cfa
Venant,Dell,CORE i7 ✅,32 GO ✅,1000 GO SSD ✅,450 000 F Cfa
Venant,Lenovo,I5 13e Gen,16,1 Tb SSD,499 000 F Cfa
Neuf,Dell,"i7 12th ( 3,6Ghz turbo boost à 5Ghz )",32 Go,512 SSD et 1 TERA HDD,1 250 000 F Cfa
Venant,Apple,"3,4 GHz ( Core i5 )",16 Go DDR4,512 SSD,590 000 F Cfa
Venant,HP,i5,8 Go,256 Go ssd,165 000 F Cfa
Venant,HP,i7,8 Go,256 Go ssd,135 000 F Cfa
Venant,HP,i5,16 Go,512 Go SSD,200 000 F Cfa
Venant,Apple,cor i5,4 Go,128 Go SSD,135 000 F Cfa
Venant,Apple,Cor i5,8 Go,500 Go,185 000 F Cfa
Neuf,Dell,"i7 12 Processors 2,6Ghz",16Go,SSD 512Go,450 000 F Cfa
Neuf,Dell,i7 13eme Generation 20Processeurs,32Go,SSD 512Go,700 000 F Cfa
Neuf,Dell,i5 12eme Generation,16Go,SSD 512Go,400 000 F Cfa
Neuf,Apple,M2,24,2 Tera,875 000 F Cfa
Neuf,Dell,I7,16,1000,850 000 F Cfa
Neuf,Apple,M3,256 SSD,8Go,1 300 000 F Cfa
Neuf,HP,i7 13th Gen 2023,16Go,1TB SSD,680 000 F Cfa
Venant,Apple,I7,16Go,256 SSD,380 000 F Cfa
Venant,Apple,M1,8,512,530 000 F Cfa
Venant,Dell,Core i5,8 Go,256 Go ssd,150 000 F Cfa
Venant,Dell,Core i3,16,1 Tera,140 000 F Cfa
Venant,Apple,,,,250 000 F Cfa
Venant,HP,i5 3th,8,500 go hdd,100 000 F Cfa
Venant,Dell,I7,16Go,512SSD,450 000 F Cfa
Venant,HP,Core i5,8,500,119 900 F Cfa
Venant,HP,i5,8 Go,500 Go,175 000 F Cfa
Venant,Dell,i7,8 Go,500 Go,185 000 F Cfa
Venant,Dell,Core i5,8 Go,500 Go,175 000 F Cfa
Neuf,Microsoft Surface,,,,750 000 F Cfa
Neuf,Microsoft Surface,,,,650 000 F Cfa
Neuf,Autre,,,,15 000 F Cfa
Neuf,Microsoft Surface,I7,16,512,480 000 F Cfa
Neuf,Acer,I5,8,512,280 000 F Cfa
Venant,Dell,Xeon E5-2637,32,2Terra,300 000 F Cfa
Neuf,Lenovo,i5,16,512,500 000 F Cfa
Neuf,Lenovo,Ryzen 7 Pro,16,256,325 000 F Cfa
Neuf,HP,i5,16,256,275 000 F Cfa
Neuf,Microsoft Surface,I5,8,128,350 000 F Cfa
Neuf,Microsoft Surface,I5,8,256,530 000 F Cfa
Venant,Microsoft Surface,I5,8,256,290 000 F Cfa
Neuf,Lenovo,I7,16Go,512ssd,550 000 F Cfa
Neuf,HP,I5,8Go,512ssd,350 000 F Cfa
Neuf,Apple,,,64,
Neuf,Apple,M2,8,256,
Neuf,Apple,M2,8,256,
Venant,Apple,I7,8,256,280 000 F Cfa
Neuf,Apple,M1 Pro,16Go,512 SSD,850 000 F Cfa
Neuf,Samsung,,,128,
Neuf,HP,Corei7,16,512Giga ssd,260 000 F Cfa
Venant,Apple,Corei7,16,512,525 000 F Cfa
Neuf,Apple,M3 PRO,36GB,1TB,1 650 000 F Cfa
Neuf,Apple,m3 max,36gb,1tb,
Venant,Apple,I5,8Go,256Go,550 000 F Cfa
Venant,Apple,I5,16Go,512Go,160 000 F Cfa
Réconditionné,Lenovo,CORE I3,8GO,128 SSD,85 000 F Cfa
Venant,Lenovo,,8,1 terra,140 000 F Cfa
Neuf,Dell,I7,16Go,512SSD,700 000 F Cfa
Venant,Dell,i5,8,256 SSD,165 000 F Cfa
Venant,Lenovo,i5,4,256 SSD,185 000 F Cfa
Neuf,HP,I5,16GO,512SSD,425 000 F Cfa
Neuf,Lenovo,I5,16Go,512 SSD,400 000 F Cfa
Neuf,HP,Corei5,8,256Giga ssd,190 000 F Cfa
Venant,Apple,Core 2,4,160,55 000 F Cfa
Neuf,Dell,i5,32go,512go,460 000 F Cfa
Neuf,HP,i5,16GB,512BG,675 000 F Cfa
Venant,Dell,Core i3,4,500,120 000 F Cfa
Neuf,Dell,i9,16,1000,700 000 F Cfa
Venant,Dell,i5,8,512,380 000 F Cfa
Venant,Dell,i7,16,512,500 000 F Cfa
Neuf,Dell,i9-13900HX,32 Go DDR5 (5600MHz),SSD 1TB,1 950 000 F Cfa
Venant,Microsoft Surface,I7,16,256,380 000 F Cfa
Neuf,Lenovo,Core i5-12650H 2.30Ghz,16 Go,512Go SSD m.2,750 000 F Cfa
Venant,Lenovo,,8,256,
Venant,MSI,I7 12TH GEN,32,1000,850 000 F Cfa
Venant,ASUS,Ryzen 7,16,512,590 000 F Cfa
Neuf,Lenovo,I7 12th Gen,16,256,630 000 F Cfa
Neuf,Lenovo,I7 13th GEN,16,512,790 000 F Cfa
Neuf,Lenovo,I5 12th GEN,16,512,490 000 F Cfa
Réconditionné,Apple,3.6,32,1to ssd et 2to,1 299 927 F Cfa
Neuf,Lenovo,I7 10th GEN,16,256,430 000 F Cfa
Neuf,HP,,,,450 000 F Cfa
Neuf,HP,i7,16 go,512 ssd,850 000 F Cfa
Neuf,Apple,M3,8go,1tbssd,1 350 000 F Cfa
Venant,Apple,i7,16 Go,1 tera,450 000 F Cfa
Venant,Apple,M1,8Go,256 Ssd,450 000 F Cfa
Neuf,Apple,I5,8Go,256 SSD,480 000 F Cfa
Neuf,Apple,M2,8Go,256SSD,800 000 F Cfa
Neuf,HP,Intel core i5,16 Go,256 giga,200 000 F Cfa
Neuf,HP,Core i9 12ème Génération,16,1 tera SSD,1 200 000 F Cfa
Neuf,MSI,Core i7 de 17 éme gén,32 Giga giga,1 tera SSD,900 000 F Cfa
Venant,HP,CORE I5,8Go,256 SSD,180 000 F Cfa
Neuf,HP,SERVEUR,16 GO,2 TERA,798 000 F Cfa
Venant,Lenovo,CORE I5,8Go,256 SSD,179 900 F Cfa
Venant,Dell,I7,16,512ssd,500 000 F Cfa
Venant,Apple,I7,32,1tbssd,550 000 F Cfa
Venant,HP,I7,16,512,450 000 F Cfa
Neuf,Apple,M1,8,256,490 000 F Cfa
Neuf,Lenovo,i5,16,512,550 000 F Cfa
Venant,Apple,2.6ghz,8go,256go,180 000 F Cfa
Neuf,Apple,15 pouces,16,500,300 000 F Cfa
Venant,Dell,I5,8,256,
Venant,Dell,,,,95 000 F Cfa
Venant,HP,I7,16,512,
Venant,Apple,M1,8Go,256Go,560 000 F Cfa
Neuf,Dell,Core i7,16go,512go,600 000 F Cfa
D'occasion,Dell,I7,32,512,
Neuf,HP,i5,8Go,SSD 256Go,150 000 F Cfa
Venant,Dell,I7,16,512,
Neuf,HP,,,,475 000 F Cfa
Venant,HP,Intel Xeon 24 coeurs,32 go,SSD 512 + 2to hdd,350 000 F Cfa
Neuf,HP,I5,8Go,256 SSD,265 000 F Cfa
Neuf,Lenovo,Corei7,32Giga,256Giga Ssd,700 000 F Cfa
Venant,Dell,Corei7,16,512ssd,275 000 F Cfa
Neuf,Dell,CORE I7,16GO,512 SSD,350 000 F Cfa
Neuf,Dell,CORE I7,16GO,512 SSD,375 000 F Cfa
Neuf,Dell,CORE I7,16GO,512 SSD,375 000 F Cfa
Neuf,Dell,CORE I7,16GO,512 SSD,375 000 F Cfa
Neuf,HP,,,,650 000 F Cfa
Venant,Dell,i7,32,512,320 000 F Cfa
Neuf,Apple,M1,8,256,415 000 F Cfa
Venant,Fujitsu,i7,72,20 Tera,700 000 F Cfa
Neuf,Dell,Core i7 13th gen,16gb,512 ssd,850 000 F Cfa
Neuf,Dell,Core i7 13th gen,16Gb,512 ssd,700 000 F Cfa
Neuf,Dell,Core i5 13th gen,8Gb,256 ssd,550 000 F Cfa
Venant,Dell,i7,16,256,300 000 F Cfa
D'occasion,HP,I5-8350U CPU 1.70Ghz,8 gb,256 Gb SSD,150 000 F Cfa
D'occasion,Dell,I5,8,512,105 000 F Cfa
Venant,Apple,DUO CORE,4GO,500 Go,55 000 F Cfa
Venant,HP,,4,128,110 000 F Cfa
Neuf,HP,,8gb,256gb,250 000 F Cfa
Venant,HP,I3,8,1 terra,80 000 F Cfa
Venant,HP,,8,256,160 000 F Cfa
Venant,HP,Core i5,8,256,200 000 F Cfa
Venant,HP,,8,256,200 000 F Cfa
D'occasion,Dell,I7,16,256,400 000 F Cfa
Venant,HP,I7,16,512,
Neuf,Lenovo,Dual Core,4Go,256Go SSD,154 899 F Cfa
Neuf,Lenovo,AMD Ryzen 7,16,512,599 000 F Cfa
Neuf,Lenovo,cor i5,8 Go,500 Go,100 000 F Cfa
Neuf,HP,,8,256,190 000 F Cfa
Neuf,HP,Corei5,8,256Giga ssd,190 000 F Cfa
Neuf,Microsoft Surface,I5,8Go,256 Go,550 000 F Cfa
Neuf,HP,Corei7,16,512Giga Ssd,250 000 F Cfa
Neuf,Lenovo,Corei7,32Giga,256Giga ssd,700 000 F Cfa
Neuf,HP,Corei7,32Giga,512Giga Ssd,750 000 F Cfa
Neuf,Acer,i9,16GB,1000GB,
Neuf,Apple,M3,18,512,
Venant,Apple,M2,8,512,
Venant,Apple,M2 Max,64Gb,1TB,1 650 000 F Cfa
Neuf,Dell,i5 10eme generation,16Go,500Go,470 000 F Cfa
Neuf,Lenovo,Corei7,16,512,310 000 F Cfa
Venant,Microsoft Surface,Core i7,6,256,300 000 F Cfa
Neuf,Lenovo,Ryzen 5Pro,16,256ssd,250 000 F Cfa
Venant,Apple,Core i5,8,128 Go,350 000 F Cfa
Venant,Apple,Core i3,4,128 Go,250 000 F Cfa
Venant,Lenovo,Core i5,8,256gb,250 000 F Cfa
Venant,Lenovo,Core i7,8,256,300 000 F Cfa
Venant,HP,Intel M3,8,256gb,250 000 F Cfa
Venant,Toshiba,13 pouces,8,500,145 000 F Cfa
D'occasion,Custom pc,Intel core i3 12100F,16 GB,1 Tera NVME,450 000 F Cfa
Neuf,HP,Corei5,8,256Giga ssd,200 000 F Cfa
Venant,Dell,Core i5,6gb,640g,70 000 F Cfa
Venant,Dell,"(Intel Core i7,",RAM 8 Go,Disque dur SSD 256 Go,180 000 F Cfa
Venant,HP,AMD-A10,8g,750gb,75 000 F Cfa
Venant,HP,Pentium,4g,500g,55 000 F Cfa
Venant,HP,Core i3 6th gen,8g,1t,80 000 F Cfa
D'occasion,HP,i7,8,500gb,110 000 F Cfa
Neuf,Autre,,,,40 000 F Cfa
Venant,Lenovo,Core i5 7é génération,8Go,256Go SSD,135 000 F Cfa
Venant,Lenovo,Core i5 7é génération,16Go,256Go SSD,150 000 F Cfa
Venant,Dell,i9,32,1000go,500 000 F Cfa
Venant,Apple,i9,16,1000,575 000 F Cfa
Neuf,Dell,i7 12eme generation 20 Processeurs,32Go,SSD 1To,900 000 F Cfa
Neuf,Dell,i9 12900H 20 CPU,32Go,SSD 512Go,700 000 F Cfa
Venant,HP,2.7ghz,,,135 000 F Cfa
Venant,Dell,Core i7,16g,256ssd,160 000 F Cfa
Neuf,Apple,23,3,500,110 000 F Cfa
Venant,Apple,3.5ghz,32g,256g,300 000 F Cfa
Neuf,Apple,m1,8g,256g,550 000 F Cfa
Neuf,Dell,I7,16,512,700 000 F Cfa
Neuf,Apple,M1,8,256,600 000 F Cfa
Venant,Dell,Core i5,8,500,120 000 F Cfa
Venant,Lenovo,I5,8,500,100 000 F Cfa
D'occasion,HP,I5,8Go,1To,475 000 F Cfa
Neuf,Apple,M2,8,256,
Neuf,Autre,Celeron N4000,6,128,80 000 F Cfa
Venant,Apple,i5,8 Go,500 Go,460 000 F Cfa
Venant,Apple,i5,8 Go,128 Go ssd,200 000 F Cfa
Venant,Apple,i5,8 Go,500 Go,200 000 F Cfa
Venant,Dell,Xeon,65,1to,390 000 F Cfa
Venant,Autre,I5,8,256 ssd,80 000 F Cfa
Neuf,Autre,,,,40 000 F Cfa
Venant,MSI,Corei7,32giga,512Giga Ssd,420 000 F Cfa
Neuf,Apple,M2,8,256,620 000 F Cfa
Neuf,Apple,I9,16,2 tera,650 000 F Cfa
D'occasion,HP,Intel core i3,8G,128 SSD,180 000 F Cfa
Venant,Apple,Core i5,8Go,500Go SSD,200 000 F Cfa
Neuf,HP,,16go,,1 F Cfa
Neuf,HP,,16go,,1 F Cfa
Venant,Dell,,,,45 000 F Cfa
Venant,Apple,,,,8 000 F Cfa
Neuf,Apple,M3,18Go,1TB SSD,1 350 000 F Cfa
Neuf,Dell,I5,16,512,425 000 F Cfa
Neuf,Lenovo,Core i5,16Go,512Go,550 000 F Cfa
Venant,HP,Core i5,16Go,256Go,200 000 F Cfa
Venant,HP,,,,85 000 F Cfa
Neuf,HP,i5,8Go,512 SSD,650 000 F Cfa
Neuf,HP,i5 12th Gen,8Go,512 SSD,650 000 F Cfa
Neuf,HP,i5,16Go,512 SSD,450 000 F Cfa
Venant,Dell,Intel core i7 9th gen,32,1tb ssd,350 000 F Cfa
Neuf,Dell,Core i5,32go,512go,390 000 F Cfa
Venant,HP,Intel Core i7 de 13ème génération,16Go,1To (1000Go) SSD,750 000 F Cfa
Venant,HP,Intel core i7 10th generation,16,512,395 000 F Cfa
Venant,HP,Amd ryzen 5 pro,16,256,350 000 F Cfa
Venant,Apple,i5,16 Go,256 Go ssd,300 000 F Cfa
Venant,Apple,i5,16 Go,256 Go ssd,325 000 F Cfa
Venant,Dell,i5 8th,8 go,256 go ssd,175 000 F Cfa
Neuf,MSI,,32go,,425 000 F Cfa
Neuf,Dell,i7,32go,1000,625 000 F Cfa
Neuf,HP,Corei5,8,256,150 000 F Cfa
Neuf,HP,I5,16,512,420 000 F Cfa
D'occasion,HP,I7,16,512,475 000 F Cfa
Neuf,HP,I5 12500h 12 Cœurs,16GB option 32GB,512GB SSD option 1Tera,650 000 F Cfa
Venant,Apple,i9,16,1000,575 000 F Cfa
Venant,Dell,i5,8,500,190 000 F Cfa
Venant,Apple,,,,80 000 F Cfa
Venant,ASUS,,8,640,70 000 F Cfa
Venant,Microsoft Surface,Intel(R) Core(TM) i5-6300U CPU @ 2.40GHz 2.50 GHz,8 Go,256 Go,255 000 F Cfa
Neuf,HP,Corei5,8,256Giga ssd,200 000 F Cfa
Neuf,HP,Corei5,8,256Giga ssd,190 000 F Cfa
Venant,Apple,I7 1.7GHz - 3.3GHz,8,250,200 000 F Cfa
Venant,Microsoft Surface,i5,8 Go,256 Go ssd,200 000 F Cfa
Neuf,Dell,Core i7 12th gen,16Gb,512 ssd,700 000 F Cfa
Neuf,HP,Core i7 12th gen,16Gb,512 ssd,650 000 F Cfa
Venant,Dell,i5 6th,8,500 go hdd,145 000 F Cfa
Venant,HP,,,,115 000 F Cfa
Neuf,Apple,M3,18,512,1 400 000 F Cfa
Neuf,HP,Core i7 10é génération,64Go DDR4,1Tb SSD + 3Tb HDD,1 500 000 F Cfa
Venant,Lenovo,,4,320,80 000 F Cfa
Neuf,ASUS,I7,1To,32GO,900 000 F Cfa
Venant,Microsoft Surface,Intel core i5 10th generation,8,128,240 000 F Cfa
Neuf,HP,intel core i7,16,512,650 000 F Cfa
Neuf,HP,intel core i5,16,512,500 000 F Cfa
Venant,Dell,Core i5 6th gen,8Go,500Go,140 000 F Cfa
Venant,Dell,Core i5 7th gen,8Go,500Go,150 000 F Cfa
Venant,Dell,Core i5 6th gen,8Go,500Go,140 000 F Cfa
Venant,Dell,Core i5 8th gen,8Go,256Go ssd,180 000 F Cfa
Neuf,ASUS,I7,16,512,320 000 F Cfa
Neuf,Apple,M3 pro,18,512,1 450 000 F Cfa
Venant,Apple,I7,16,256,400 000 F Cfa
Venant,MSI,Corei7,32,512,425 000 F Cfa
Neuf,HP,Corei5,8,256,190 000 F Cfa
Neuf,Lenovo,Ryzen 5pro,16,256Giga ssd,235 000 F Cfa
Neuf,Lenovo,Corei7,16,512Giga Ssd,320 000 F Cfa
Venant,Lenovo,Core i5 6th gen,8Go,256Go ssd,140 000 F Cfa
Venant,Lenovo,Core i5 6th gen,8Go,500Go,130 000 F Cfa
Venant,Dell,2.6ghz,8,1000,110 000 F Cfa
Venant,Lenovo,Core i5 6th gen,8Go,256Go ssd,150 000 F Cfa
Venant,Dell,Core i5 6th gen,8Go,256Go ssd,140 000 F Cfa
Venant,Lenovo,Core i5 4th gen,8Go,256Go ssd,125 000 F Cfa
Neuf,ASUS,i3,256,8,150 000 F Cfa
Venant,Apple,1.6Ghz,8go,128ssd 512,350 000 F Cfa
Venant,Samsung,I5 11th,8,256,
Venant,Lenovo,I7 11th,16,256,
Venant,Dell,,,,125 000 F Cfa
Venant,Lenovo,CORE I5,8 GO,256 SSD,159 900 F Cfa
Neuf,Lenovo,I5-13gen,16go,512ssd,550 000 F Cfa
Venant,Lenovo,I5,8,512,320 000 F Cfa
Venant,Microsoft Surface,I5 12th,16,256,
Venant,Dell,I7,32,1 Téra,
Neuf,HP,Corei5,8,256Giga ssd,150 000 F Cfa
Venant,Lenovo,Intel core i5 7th gen,8,256,170 000 F Cfa
Venant,Lenovo,Intel core i5 8th gen,8,512,195 000 F Cfa
Neuf,Compaq,13 pouce,8gb,256 ssd,285 000 F Cfa
Neuf,ASUS,15 pouce,8gb,512 ssd,3 250 000 F Cfa
Neuf,Dell,I7,16GB,1tb ssd,495 000 F Cfa
Neuf,Lenovo,Core i7,32go,512go,490 000 F Cfa
Venant,HP,Core i5,16go,756go,190 000 F Cfa
Neuf,Autre,i5 11eme Generation,8go,SSD 500Go,450 000 F Cfa
Neuf,Dell,"Ryzen 9 32 Processeurs 2,5Ghz",16Go,SSD 1To,1 500 000 F Cfa
Réconditionné,Dell,core i5,8GO,256 SSD,170 000 F Cfa
Venant,Lenovo,Intel core i5,8,256,250 000 F Cfa
Venant,HP,,,,50 000 F Cfa
Venant,Apple,Core i5,16Go,512Go,600 000 F Cfa
Neuf,Lenovo,Core i7,32Go,512Go,580 000 F Cfa
Neuf,Dell,Core i5,16Go,512Go,500 000 F Cfa
Neuf,Lenovo,Intel core i5,8,256,250 000 F Cfa
Neuf,Microsoft Surface,Core i5,,256,285 000 F Cfa
Venant,Lenovo,,8,SSD 256 Go,165 000 F Cfa
Neuf,Dell,Intel core i5,16,256,325 000 F Cfa
Neuf,HP,I7-12Th,16GO,512SSD,650 000 F Cfa
Neuf,HP,Corei7,16,512Giga Ssd,250 000 F Cfa
Neuf,HP,Corei5,8,256Giga ssd,200 000 F Cfa
Neuf,HP,Corei7,16,512,500 000 F Cfa
Neuf,Dell,Corei7,16,512Giga Ssd,650 000 F Cfa
Neuf,Dell,I7-12 gen,16Go,512SSD,650 000 F Cfa
Neuf,Apple,M2,8Go,256Go,800 000 F Cfa
Neuf,Lenovo,i5,16Go,SSD 256Go,230 000 F Cfa
Neuf,HP,I5-13 gen,16go,512ssd,500 000 F Cfa
Venant,Lenovo,i5,8,500,210 000 F Cfa
Neuf,Dell,I7 13th,16gb,512gb,750 000 F Cfa
Venant,Dell,I5,12,256,185 000 F Cfa
Neuf,Dell,i7,16,256 et 1000,450 000 F Cfa
Neuf,Lenovo,i5,16,512,350 000 F Cfa
Neuf,HP,Corei7,16,512Giga Ssd,500 000 F Cfa
Neuf,Lenovo,Corei7,32Giga,512Giga Ssd,680 000 F Cfa
Neuf,Dell,Corei7,32,512,650 000 F Cfa
Neuf,HP,Corei5,8,256ssd,200 000 F Cfa
Neuf,HP,Corei7,16,512ssd,250 000 F Cfa
Venant,HP,cor i5,8Go,500 Go,115 000 F Cfa
D'occasion,Apple,I5,8,512,300 000 F Cfa
Venant,Dell,Intel core i5,8 go ddr4,500 go,115 000 F Cfa
Neuf,ASUS,I7,24Go,1To,450 000 F Cfa
Neuf,Dell,I7-12Th,16Go,512ssd,600 000 F Cfa
Venant,Dell,,,,45 000 F Cfa
Neuf,Apple,M1,8 Go,256 Go,510 000 F Cfa
Neuf,Apple,M2,8Go,256Go,760 000 F Cfa
Neuf,Dell,34,4,45,35 000 F Cfa
Neuf,HP,I7-13gen,32Go,1To,750 000 F Cfa
Venant,HP,,,,225 000 F Cfa
Venant,HP,i5,8,500 go HDD,100 000 F Cfa
Venant,HP,Intel core i7 8th gen,16,256,245 000 F Cfa
Venant,HP,,8,256,180 000 F Cfa
Venant,Lenovo,Core i7,8,256,190 000 F Cfa
Venant,Lenovo,Intel core i5 8th gen,16,256,180 000 F Cfa
Neuf,ASUS,I7-12gen,32Go,512SSD,500 000 F Cfa
Venant,Lenovo,Intel core i5 8th gen,16,256,180 000 F Cfa
Venant,Microsoft Surface,Atome Intel Quad Core,4,64,70 000 F Cfa
Neuf,Lenovo,,8go,,160 000 F Cfa
Venant,Apple,Core i5 2.9ghz,Ram Go,500Go SSD,380 000 F Cfa
Venant,HP,CORE duo,4gb,128/256go,80 000 F Cfa
Neuf,Dell,corei5/i7,8gb/16gb,256/500go,100 000 F Cfa
Neuf,Microsoft Surface,SQ3,16GB,512GB,850 000 F Cfa
Neuf,Dell,I7,32,1Tb,
Venant,HP,I5,8,1Téra,
Neuf,HP,Corei5,16,512,415 000 F Cfa
Neuf,Dell,Corei5,16,256,235 000 F Cfa
Neuf,HP,Corei5,8,256,275 000 F Cfa
Venant,Lenovo,i5 8th,8,128 go ssd,175 000 F Cfa
Neuf,Autre,,,,10 000 F Cfa
Neuf,HP,CORE I5,64 GO,1 TERA SSD,699 000 F Cfa
Venant,HP,,,,55 000 F Cfa
Neuf,Lenovo,I5,32Go,512Go,550 000 F Cfa
Venant,Lenovo,I5,16Go,256Go,480 000 F Cfa
Venant,HP,DUO CORE,8 Go,128 Go SSD,65 000 F Cfa
Venant,HP,cor i5,16 Go,256 Go SSD,175 000 F Cfa
Venant,Apple,M1,8GB,256 Go,450 000 F Cfa
Neuf,Lenovo,i5,32 Go,512 Go,450 002 F Cfa
Neuf,Apple,M2,8 Go,256 Go,780 000 F Cfa
Neuf,HP,2.90,8go,256ssd,180 000 F Cfa
Neuf,HP,Intel core i5,16go,512ssd,330 000 F Cfa
Venant,Apple,corei5/i7,8gb/16gb,1000go,250 000 F Cfa
Neuf,Apple,,16gb,1000go,250 000 F Cfa
Neuf,Apple,,18,512,1 500 000 F Cfa
Neuf,Autre,,,,450 000 F Cfa
Neuf,HP,,16go,,450 000 F Cfa
Neuf,HP,,8GO,512 SSD,350 000 F Cfa
Venant,Lenovo,,8GO,256 SSS,150 000 F Cfa
D'occasion,HP,,,,100 000 F Cfa
Neuf,Apple,M3 MAX,48,1TB,2 699 000 F Cfa
Venant,Lenovo,Intel Celeron,4Go,128Go,70 000 F Cfa
Neuf,Acer,Duo Core,4,128,200 000 F Cfa
Venant,Apple,Corei9,32,1tera,650 000 F Cfa
Venant,Apple,Corei5,16,1tera,550 000 F Cfa
Venant,HP,i5 7th gen,8go,256go ssd,180 000 F Cfa
Neuf,Apple,M2,8GB,256 GB,650 000 F Cfa
Venant,Apple,M1,16,512,600 000 F Cfa
Neuf,HP,intel core i5,8,512,480 000 F Cfa
Venant,HP,i5 11th,16,512go SSD,300 000 F Cfa
Neuf,HP,,,,160 000 F Cfa
Venant,Apple,I7,16,512,260 000 F Cfa
Venant,HP,i5,8,500go HDD,125 000 F Cfa
Venant,Dell,Intel corei7 8th generation,16g,256,145 000 F Cfa
Venant,Lenovo,Intel,8,500,125 000 F Cfa
Neuf,Microsoft Surface,Core i7,32GB,SSD 1TB,2 750 000 F Cfa
Neuf,Apple,M2,8 go,256 ssd,600 000 F Cfa
,Dell,,4,320,100 000 F Cfa
Neuf,HP,Core i5,16go,256ssd,230 000 F Cfa
Neuf,HP,i7,16Go,512GB,300 000 F Cfa
Neuf,HP,i5,8Go,256,200 000 F Cfa
Venant,Dell,i5,16,256,280 000 F Cfa
Venant,Lenovo,2.5,8,500,130 000 F Cfa
Venant,Dell,i5,8go,500go,100 000 F Cfa
Neuf,ASUS,I5,16go,512ssd,350 000 F Cfa
Neuf,Lenovo,I7-12gen,16go,512ssd,650 000 F Cfa
Neuf,Lenovo,Ryzen 7,12Go,512SSD,400 000 F Cfa
Venant,Lenovo,,8,500go,130 000 F Cfa
Venant,HP,14 pouces,8,256Go,230 000 F Cfa
Venant,Dell,13 pouces,8,256gb,160 000 F Cfa
Venant,HP,,8,128 +500 hdd,
Venant,Microsoft Surface,corei5/i7,8,256,225 000 F Cfa
Neuf,HP,Core i7-13em generation,16Go,512Go,730 000 F Cfa
Neuf,Dell,I5-11Th,8 go,256ssd,350 000 F Cfa
Venant,Apple,M2,8Go,256Go,610 000 F Cfa
Neuf,HP,Ryzen 5pro,16,512,325 000 F Cfa
Neuf,HP,Corei7,16,512,345 000 F Cfa
Neuf,HP,Corei5,8,256,265 000 F Cfa
Neuf,Dell,Corei5,16,512,425 000 F Cfa
Venant,Lenovo,Intel core i7 8th generation,16,512,330 000 F Cfa
Venant,Dell,Intel core m7,8,256,165 000 F Cfa
Venant,Apple,13 pouces,8,256gb,200 000 F Cfa
Venant,HP,i3,4 Go,500 Go,75 000 F Cfa
Venant,HP,Core i5,8 Go,500 Go,125 000 F Cfa
Venant,Lenovo,i5,16 Go,500 Go,200 000 F Cfa
Venant,HP,i5,8 Go,256 Go ssd,135 000 F Cfa
Venant,HP,Dual core,4 Go,250 Go,45 000 F Cfa
Neuf,HP,Ryzen 5 Pro,16,512,380 000 F Cfa
Venant,Lenovo,,8,500 go hdd,85 000 F Cfa
Venant,Dell,i5 2.5 ghz,8,500 go hdd ou 180 go ssd,160 000 F Cfa
Venant,Dell,i5 6th,8,500 go hdd,145 000 F Cfa
Venant,Apple,CORE I7,8Go,256 SSD,199 900 F Cfa
Venant,Lenovo,,,,45 000 F Cfa
D'occasion,Dell,duo,8,128 go ssd,90 000 F Cfa
Venant,HP,cor i5,8 Go,500 Go,115 000 F Cfa
Venant,Lenovo,CORE i7 ✅,8 GO ✅,1000 GO SSD ✅,350 000 F Cfa
Neuf,HP,,16Go,256Go SSD NVme,200 000 F Cfa
Venant,HP,14 POUCES,8,256Go,250 000 F Cfa
Venant,Apple,,8,1tera,300 000 F Cfa
Neuf,HP,3.0,8,256,220 000 F Cfa
Venant,HP,I7,8,512,320 000 F Cfa
Neuf,HP,I7,32,10000,650 000 F Cfa
Neuf,HP,i7,16,512,300 000 F Cfa
Venant,Apple,i7,16 Go,128 Go ssd,200 000 F Cfa
Venant,Apple,Dual core,8 Go,500 GO,125 000 F Cfa
Venant,Apple,Dual core,8 Go,500 Go,100 000 F Cfa
Venant,Apple,Core i5,8 Go,500 Go,125 000 F Cfa
Venant,Apple,Core i3,8 Go,500 Go,135 000 F Cfa
Venant,Apple,i3,4 Go,500 Go,65 000 F Cfa
Venant,Microsoft Surface,i7,8 Go,,200 000 F Cfa
Venant,Apple,I5,4Go,128Go,135 000 F Cfa
Venant,Apple,i5,4 Go,128 Go ssd,125 000 F Cfa
Venant,HP,,4 Go,500 Go,65 000 F Cfa
Neuf,Acer,"i5-13500HX (2,50 GHz to 4,7 GHz) de 13e génération",16 Go,512 Go,850 000 F Cfa
Neuf,Acer,i9-13900HX,16GB DDR5,SSD 1TB,1 350 000 F Cfa