prix,etat,marque,couleur,dimension_ecran,ram,stockage
30 000 F Cfa,Neuf,iPhone,Toutes les couleurs disponibles,4.5 Pouces,2gb,32gb
59 900 F Cfa,Neuf,Sony,Silver blue rose foucha,5.2 Pouces,4,64
65 000 F Cfa,Neuf,Samsung,Noir bleu,6.5 Pouces,2,32
64 900 F Cfa,Neuf,Samsung,,,,
129 900 F Cfa,D'occasion,Samsung,Noir bleu,,,
129 900 F Cfa,D'occasion,Samsung,Noir bleu,,,64
29 900 F Cfa,Neuf,Invens,,5.0 Pouces,2,16
89 900 F Cfa,D'occasion,Samsung,Noir bleu,,4,64
710 000 F Cfa,D'occasion,iPhone,Pacific Blue,,,128 Go
150 000 F Cfa,D'occasion,Samsung,Noir bleu,,6,128
75 000 F Cfa,Venant,Autres,,,6,128
95 000 F Cfa,Neuf,Samsung,Noir,6.5 Pouces,4go,128go
160 000 F Cfa,Neuf,Huawei,Bleu noir,6.1 Pouces,6go,256go
46 000 F Cfa,Neuf,Invens,Bleu gris,6.5 Pouces,3go,32go
94 900 F Cfa,Neuf,Samsung,Bleu noir rouge,6.5 Pouces,4,128
460 000 F Cfa,Venant,iPhone,Bleu,,,128Go
200 000 F Cfa,Neuf,Samsung,,,12,256
27 500 F Cfa,Neuf,Invens,Noir,5.0 Pouces,1,8
390 000 F Cfa,Neuf,iPhone,Red edition,,,256 Go
200 000 F Cfa,Venant,Samsung,,,12,256
175 000 F Cfa,Neuf,iPhone,gold,,3 Go,64 Go
175 000 F Cfa,Neuf,Xiaomi,Bleue blanc noir,,6,128
59 900 F Cfa,Venant,Sony,Bleu noir gris blanc,5.0 Pouces,4go,64go
195 000 F Cfa,Venant,iPhone,Noir,,,256 Go
760 000 F Cfa,Neuf,iPhone,Graphite,,,256 Go
225 000 F Cfa,Venant,iPhone,"Blanc, Noir",,,256 Go
140 000 F Cfa,Neuf,iPhone,Silver,5.8 Pouces,3,256
110 000 F Cfa,Neuf,Huawei,Noir,6.2 Pouces,4go,128go
290 000 F Cfa,Neuf,Tecno,BLEU,6.7 Pouces,8GO,256GO
90 000 F Cfa,Neuf,Huawei,Black blue red,6.0 Pouces,4,128
520 000 F Cfa,Neuf,iPhone,Vert,,,128Go
45 000 F Cfa,Venant,Honor,,,4,32
580 000 F Cfa,Neuf,iPhone,Red,,,512 Go
210 000 F Cfa,Neuf,iPhone,Midnight,,,64 Go
10 000 F Cfa,Neuf,,,,,
29 900 F Cfa,Neuf,Autres,Orange bleu noir vert,5.5 Pouces,2go,8go
287 000 F Cfa,Neuf,iPhone,Gold,7.0 Pouces,4,256
75 000 F Cfa,D'occasion,iPhone,Gold noire rouge gold pink,4.7 Pouces,2,128
60 000 F Cfa,Neuf,Samsung,Bleu noir,6.5 Pouces,2,32
120 000 F Cfa,Neuf,Samsung,,,,
115 000 F Cfa,Neuf,Tecno,,,,
90 000 F Cfa,Venant,Samsung,Noir bleu blanc,5.8 Pouces,4go,64go
150 000 F Cfa,Venant,iPhone,"Noir, Blanc",,,64 Go
99 900 F Cfa,Venant,Samsung,Noir bleu gris mauve,6.0 Pouces,4go,64go
165 000 F Cfa,Venant,iPhone,,,,64 Go
150 000 F Cfa,Venant,iPhone,Blanc,,,64 G
680 000 F Cfa,Neuf,iPhone,Vert,,,128Go
65 000 F Cfa,Neuf,Samsung,"Bleue Ciel, Bronze",,,
75 000 F Cfa,Neuf,Samsung,"Vert foncé, Bronze",,,
750 000 F Cfa,Neuf,Lenovo,Noir,,16 G,512 G
55 000 F Cfa,Venant,Huawei,Beige,,4,64
60 000 F Cfa,Venant,Huawei,,,4,64
275 000 F Cfa,Venant,Samsung,,,12,256
250 000 F Cfa,Venant,iPhone,Gold,65.0 Pouces,4go,256go
325 000 F Cfa,Venant,iPhone,Bleue,6.1 Pouces,4go,64go
145 000 F Cfa,Venant,iPhone,Blanc noire,5.8 Pouces,3,64
670 000 F Cfa,Venant,iPhone,Bleu,,,128G
540 000 F Cfa,Venant,iPhone,"Bleu, Blanc",,,256 G
240 000 F Cfa,Venant,iPhone,Mauve,,,64
160 000 F Cfa,Venant,iPhone,,,,64Go
120 000 F Cfa,Neuf,Samsung,Noir bleu peach,6.5 Pouces,4,128
155 000 F Cfa,Neuf,Autres,Gold bleu,6.6 Pouces,6,128
55 000 F Cfa,Neuf,Huawei,Blue rose gold,5.0 Pouces,4,64
650 000 F Cfa,Neuf,iPhone,Gris,6.7 Pouces,6 Go,256 Go
40 000 F Cfa,Neuf,Autres,Red black,6.6 Pouces,2,16
115 000 F Cfa,Neuf,Samsung,,6.6 Pouces,4,64 go
105 000 F Cfa,Neuf,Samsung,"Noire, Bleu",,,
105 000 F Cfa,Neuf,Samsung,Toute les couleurs disponibles,6.6 Pouces,4gb,64gb
120 000 F Cfa,Neuf,Huawei,Toute les couleurs disponibles,6.5 Pouces,6gb,128gb
74 900 F Cfa,Venant,Samsung,,,,64
40 000 F Cfa,Neuf,Invens,,,,
780 000 F Cfa,Neuf,Samsung,"Vert, Lavende",6.8 Pouces,12,256
850 000 F Cfa,Neuf,Samsung,"Vert, Lavende",6.8 Pouces,12,512
430 000 F Cfa,Neuf,Huawei,Black Silver gold,,8,256
185 000 F Cfa,Venant,Samsung,Noir gris,6.0 Pouces,12go,256go
699 000 F Cfa,Neuf,iPhone,,,,128
135 000 F Cfa,Neuf,Samsung,"Bleu, Pêche",6.6 Pouces,4,128
65 000 F Cfa,Venant,Samsung,Noir,6.5 Pouces,4,64
60 000 F Cfa,Neuf,Samsung,Noir bleu,6.5 Pouces,2,32
160 000 F Cfa,Neuf,Xiaomi,Gris gold,6.5 Pouces,8,256
95 000 F Cfa,Neuf,Huawei,Noir vert bouteille,6.0 Pouces,6,128
245 000 F Cfa,Neuf,Samsung,"Noir, Vert, Violet, Blanc",6.4 Pouces,6,128
195 000 F Cfa,Neuf,Samsung,"Noir, Vert, Violet, Argent",6.6 Pouces,6,128
240 000 F Cfa,Venant,Samsung,Noir gris,6.2 Pouces,8go,128go
890 000 F Cfa,Neuf,Samsung,Noir,6.0 Pouces,12,256
85 000 F Cfa,Neuf,Samsung,Noir bleu,6.5 Pouces,4,64
90 000 F Cfa,Venant,Sony,,,4,64
115 000 F Cfa,Venant,Huawei,,,６,128
60 000 F Cfa,Neuf,Samsung,Noir bleu dorée,6.5 Pouces,2,32
309 000 F Cfa,Venant,iPhone,gold silver green white GREY,6.5 Pouces,4GO,64g
610 000 F Cfa,Neuf,Samsung,Noir,,12,256
180 000 F Cfa,Neuf,iPhone,Mix,,,128go
290 000 F Cfa,Neuf,iPhone,,,,64
60 000 F Cfa,Venant,Tecno,,,,
185 000 F Cfa,Venant,Samsung,Gris noir,6.0 Pouces,12go,256go
84 000 F Cfa,Neuf,Tecno,Plusieurs,6.0 Pouces,2,64
144 000 F Cfa,Neuf,Tecno,Noir,6.0 Pouces,6,128
89 000 F Cfa,Neuf,Tecno,Plusieurs,5.0 Pouces,4,128go
230 000 F Cfa,Neuf,Huawei,Toute les couleur disponible,6.5 Pouces,8gb,128gb
45 000 F Cfa,Venant,Autres,Gold rose,5.5 Pouces,4go,64go
100 000 F Cfa,Neuf,Tecno,"Noire, Blanc",6.8 Pouces,8,128
110 000 F Cfa,Neuf,Tecno,"Noir, Blanc",6.8 Pouces,8,256
250 000 F Cfa,Neuf,iPhone,Différents,6.1 Pouces,4,128
280 000 F Cfa,Neuf,iPhone,Rouge noir blanc jaune,,4Go,128
100 000 F Cfa,Neuf,Huawei,,,,128
145 000 F Cfa,Neuf,Samsung,Noir bleu peach,6.6 Pouces,4,128go
125 000 F Cfa,Neuf,Tecno,Blanc bleu noir,6.6 Pouces,8,256
79 900 F Cfa,Venant,Samsung,,,,
180 000 F Cfa,Venant,Samsung,,,,128 go
130 000 F Cfa,Neuf,Tecno,,,8GO,256GO
175 F Cfa,Venant,Xiaomi,Nior,6.7 Pouces,8,128GB
145 000 F Cfa,Neuf,Huawei,Vert noir blanc,6.6 Pouces,6go,128go
39 000 F Cfa,Neuf,Oppo,Gold,6.0 Pouces,4,64
650 000 F Cfa,Neuf,iPhone,red,,,256go
650 000 F Cfa,Neuf,iPhone,Midnight,,,256 Go
480 000 F Cfa,Neuf,iPhone,red,,,128 Go
480 000 F Cfa,Neuf,iPhone,Blue,,,128go
250 000 F Cfa,Venant,iPhone,"White, Midnight",,,256 Go
230 000 F Cfa,Venant,iPhone,Purple,,,64 Go
90 000 F Cfa,Venant,Samsung,Noir bleu,6.5 Pouces,4go,128go
180 000 F Cfa,Venant,Samsung,Noir mauve gris,6.5 Pouces,8go,128go
195 000 F Cfa,Neuf,Samsung,,6.6 Pouces,6Go,128Go
150 000 F Cfa,Venant,Oppo,Nior,6.4 Pouces,8,128GB
565 000 F Cfa,Venant,iPhone,Mauve Gold,6.1 Pouces,,128GB
85 000 F Cfa,Neuf,Tecno,Noire,6.6 Pouces,8,128
325 000 F Cfa,Neuf,Google,Black,6.3 Pouces,8 Go,
380 F Cfa,Venant,OnePlus,Vers,6.7 Pouces,12,256
145 000 F Cfa,Neuf,Tecno,"Noire, Bleu",6.7 Pouces,8,256
725 000 F Cfa,Neuf,iPhone,Multiples,6.1 Pouces,6 Go,256 Go
160 000 F Cfa,Venant,iPhone,Rouge - Mauve - Noir - vert,,,64 Giga
330 000 F Cfa,Venant,Samsung,Noir,6.2 Pouces,8go,128go
175 000 F Cfa,Neuf,Huawei,,6.7 Pouces,8Go,128Go
80 000 F Cfa,Neuf,Tecno,Noir bleu,6.6 Pouces,16go,128go
199 900 F Cfa,Neuf,Samsung,,6.6 Pouces,6,128
120 000 F Cfa,Neuf,Infinix,Noir / Vert,6.8 Pouces,8Go,256Go
79 000 F Cfa,Neuf,Tecno,Tout,6.0 Pouces,4,64
88 000 F Cfa,Neuf,Samsung,Noir vert gris,6.6 Pouces,4go,64go
145 F Cfa,Venant,Autres,Bleu,6.7 Pouces,4+2,128
140 000 F Cfa,Venant,Samsung,Noir blanc bleu,,8go,128go
320 000 F Cfa,Neuf,iPhone,Différent couleur disponible,,,256GB
275 000 F Cfa,D'occasion,iPhone,Différent couleur disponible,5.8 Pouces,,256GB
730 000 F Cfa,Venant,iPhone,Gold,,,512 Giga
100 000 F Cfa,Neuf,Samsung,Bleue blanc noir,,4,64
210 000 F Cfa,Venant,Xiaomi,Bleu ciel,6.7 Pouces,8+3,256
655 000 F Cfa,Venant,iPhone,Violet & Gold,6.7 Pouces,,256 GB
250 000 F Cfa,Venant,Samsung,Rose gold Blanc,,,256
900 000 F Cfa,Neuf,iPhone,,,,
550 000 F Cfa,D'occasion,iPhone,Violet fonce,6.6 Pouces,6 Go,128 Go
55 000 F Cfa,Neuf,Xiaomi,,6.5 Pouces,2,32
850 000 F Cfa,Neuf,iPhone,Gold/noir,,,128
75 000 F Cfa,Neuf,Samsung,,,,64 go
195 000 F Cfa,Venant,Xiaomi,Noir ⚫️,6.7 Pouces,8+3,256
430 000 F Cfa,Venant,iPhone,,,,
315 000 F Cfa,Venant,iPhone,Vert,6.5 Pouces,4,256
510 000 F Cfa,D'occasion,iPhone,Gold,6.5 Pouces,6,256
169 000 F Cfa,Neuf,Sony,Noir,,,
59 000 F Cfa,Neuf,Sony,Noir,,,
559 900 F Cfa,Neuf,Samsung,Noir gris,6.7 Pouces,12,256
49 000 F Cfa,Neuf,Samsung,Noir et Bleu,6.5 Pouces,2,32
140 000 F Cfa,Venant,iPhone,Blanche,6.5 Pouces,4,64
800 000 F Cfa,Neuf,iPhone,bleu et naturel ( titanium ),,12,512
700 000 F Cfa,Neuf,iPhone,,,12,512
49 000 F Cfa,Neuf,Tecno,,6.6 Pouces,2,64
400 000 F Cfa,Neuf,Samsung,Noir et rose,,12,512
280 000 F Cfa,Venant,Samsung,Noir,6.8 Pouces,12go,128go
360 000 F Cfa,Neuf,Xiaomi,Black,,8 Go,256 Go
300 000 F Cfa,Neuf,iPhone,,4.7 Pouces,,128GB
160 000 F Cfa,Venant,Samsung,Noir bleu gris,6.2 Pouces,8go,256go
239 000 F Cfa,Neuf,Samsung,Noir,6.4 Pouces,4,128
149 000 F Cfa,Neuf,Autres,Predawn Noir/ Bleu sérénité/Glacièr Glow,6.6 Pouces,8,256
430 000 F Cfa,Venant,iPhone,Blanc,6.0 Pouces,5,512 go
270 000 F Cfa,Neuf,Xiaomi,Black,,8 Go,256 Go
1 250 000 F Cfa,Neuf,iPhone,,,,
90 000 F Cfa,Neuf,Xiaomi,Bleue blanc,,4,64
570 000 F Cfa,Venant,Samsung,Gris,6.0 Pouces,12,256
129 000 F Cfa,Venant,Sharp,"Noir, blanc",6.6 Pouces,12,128
370 000 F Cfa,D'occasion,iPhone,Natural titanium,,,256
390 000 F Cfa,Neuf,Samsung,Noir,6.6 Pouces,8,256GO
675 000 F Cfa,Neuf,Honor,"Vert, Noir",6.8 Pouces,12,512
880 000 F Cfa,Neuf,iPhone,Jaune,6.9 Pouces,8,512
89 000 F Cfa,Neuf,Samsung,Noir,6.5 Pouces,4,32
85 000 F Cfa,Neuf,Autres,Noir,10.0 Pouces,8gb,
55 000 F Cfa,Neuf,Itel,,,4,128
42 000 F Cfa,Neuf,Itel,,,2,32
62 000 F Cfa,Neuf,Itel,,,4,128
52 000 F Cfa,Neuf,Itel,,,4,64
57 000 F Cfa,Neuf,Itel,,,4,128
380 000 F Cfa,Venant,iPhone,Gold,10.1 Pouces,6,128
450 000 F Cfa,Neuf,OnePlus,Noir,6.0 Pouces,12,256
75 000 F Cfa,Neuf,Oppo,Bleu et Gold,6.6 Pouces,6,128
310 000 F Cfa,D'occasion,iPhone,Noir,6.0 Pouces,6,256 go
13 000 F Cfa,Neuf,Autres,,,,
120 000 F Cfa,Neuf,Huawei,,6.7 Pouces,4,128GO
390 000 F Cfa,Neuf,Samsung,,,,256
640 000 F Cfa,Neuf,Samsung,,,,256
110 000 F Cfa,Venant,Google,Noir,5.8 Pouces,6go,128go
125 000 F Cfa,Neuf,Samsung,Gris noir vert,6.5 Pouces,4,128
550 000 F Cfa,Venant,iPhone,Noire,,,
199 000 F Cfa,Neuf,iPhone,,6.0 Pouces,,128
125 000 F Cfa,Neuf,iPhone,Rouge noir gold,5.5 Pouces,,128
480 000 F Cfa,Venant,iPhone,,,,
380 000 F Cfa,Venant,iPhone,Blanc,6.5 Pouces,6,256
59 900 F Cfa,Neuf,Tecno,Noir mauve bleu,66.0 Pouces,4,64
980 000 F Cfa,Neuf,Huawei,Black bleu gold red white,6.9 Pouces,12,512
600 000 F Cfa,D'occasion,iPhone,Purple,,,128
135 000 F Cfa,Venant,iPhone,,,,
1 100 000 F Cfa,Neuf,iPhone,Titanium,,,1000
110 000 F Cfa,Venant,Samsung,,,6,128
380 000 F Cfa,Venant,iPhone,Bleu gold,10.1 Pouces,6,256
290 000 F Cfa,Venant,Google,Grise,6.3 Pouces,12,128
229 000 F Cfa,Neuf,Samsung,Plusieurs,6.4 Pouces,4,128
550 000 F Cfa,Neuf,Samsung,Vers,6.8 Pouces,8,256
170 F Cfa,Neuf,Sony,Viole,6.1 Pouces,8,128
590 000 F Cfa,Venant,iPhone,Noir blanc neuf,10.1 Pouces,12,128
60 000 F Cfa,Neuf,Infinix,,,4,64
225 000 F Cfa,Neuf,Samsung,Blanc noir meuf vrrt,101.0 Pouces,8,128
500 000 F Cfa,Venant,Samsung,Black,7.1 Pouces,12,256
870 000 F Cfa,Neuf,Samsung,Bleu,7.1 Pouces,12,512
215 000 F Cfa,Venant,Samsung,,,,
,Neuf,Autres,,,,
640 000 F Cfa,Venant,iPhone,Noir neuf gold,1.7 Pouces,10,1 Tera c 10000 giga
590 000 F Cfa,Neuf,iPhone,,,,180
770 000 F Cfa,Neuf,Samsung,,,,256
415 000 F Cfa,Neuf,iPhone,Différent couleur disponible,,,256GB
240 000 F Cfa,Venant,iPhone,Vert noir gold,1.6 Pouces,6,256
55 000 F Cfa,Neuf,Tecno,Noir blanc,6.6 Pouces,3,64
65 000 F Cfa,Neuf,Samsung,Noir gold vert,6.5 Pouces,3,64
390 000 F Cfa,Venant,iPhone,Bleue noir blanc,7.0 Pouces,6,128
295 000 F Cfa,Neuf,iPhone,Tout les couleurs,,,256
690 000 F Cfa,Neuf,iPhone,Tout,,12,513
280 000 F Cfa,Neuf,iPhone,rose gold,,8,128gb
700 000 F Cfa,Neuf,iPhone,,,,256GB
499 900 F Cfa,Neuf,iPhone,Différent couleur disponible,,,128Gb 256Gb
75 000 F Cfa,Neuf,Tecno,"Noire, Bleu",6.6 Pouces,4,128
55 000 F Cfa,Neuf,Tecno,"Blanc mystère, Noir gravité",6.6 Pouces,3,64
185 000 F Cfa,Venant,iPhone,Noir jaune meuve vert rouge blanc,,,
149 900 F Cfa,Venant,Samsung,,,8,128
550 000 F Cfa,D'occasion,iPhone,Green,6.7 Pouces,6G,128GB
305 000 F Cfa,Neuf,iPhone,,,,128
335 000 F Cfa,Neuf,iPhone,,,,128
89 000 F Cfa,Neuf,Samsung,Multiples,,4,64
310 F Cfa,Venant,Samsung,Nior,6.7 Pouces,8,128GB
445 000 F Cfa,Venant,iPhone,Rose noir bleu,10.1 Pouces,10,128
960 000 F Cfa,Neuf,iPhone,,,,256
395 000 F Cfa,Venant,iPhone,"Bleu, Blanc, gold, noir, Vert",6.1 Pouces,,256
350 000 F Cfa,Venant,iPhone,Blanc,,,512
119 998 F Cfa,Neuf,Autres,Noir,6.0 Pouces,4,128g
500 000 F Cfa,Neuf,iPhone,rose,,12,128g
500 000 F Cfa,Venant,iPhone,Tout couleur,6.0 Pouces,8,128g
68 500 F Cfa,Neuf,Huawei,Blue,6.0 Pouces,6,128
390 000 F Cfa,Neuf,iPhone,,,,128
495 000 F Cfa,Venant,Samsung,Gold,,12,512
970 000 F Cfa,Neuf,iPhone,Tout,,12,512
190 000 F Cfa,Venant,Xiaomi,Nior,6.7 Pouces,8+3,256
285 000 F Cfa,Venant,iPhone,Vert/gris,6.5 Pouces,4,256
479 000 F Cfa,Venant,Samsung,Green,6.8 Pouces,8,256
179 000 F Cfa,Neuf,iPhone,Blanc & rouge,6.1 Pouces,3,128
499 000 F Cfa,Venant,Samsung,Gold & noir,76.0 Pouces,12,256
220 000 F Cfa,Venant,Samsung,Noir bleu Vert,6.2 Pouces,8go,128go
179 000 F Cfa,Neuf,Samsung,,6.6 Pouces,6,128
165 000 F Cfa,Venant,Google,,,6,128
79 900 F Cfa,Neuf,Sony,,,,64
1 055 000 F Cfa,Neuf,iPhone,Noir,6.7 Pouces,,256
225 000 F Cfa,Venant,iPhone,,,,128Go
150 000 F Cfa,Neuf,Samsung,Noir,,6,128
610 000 F Cfa,Venant,iPhone,Mauve - Gold,,,256 Giga
750 000 F Cfa,Neuf,iPhone,,,,
320 000 F Cfa,Venant,iPhone,Gold,1.7 Pouces,8,256
95 000 F Cfa,Venant,iPhone,,,,128
185 000 F Cfa,Venant,Samsung,Bleue,6.0 Pouces,8 go,256 go
900 000 F Cfa,Neuf,Samsung,Cries noir ect,10.1 Pouces,12,256
680 000 F Cfa,Neuf,Honor,verte,6.8 Pouces,12,512
400 000 F Cfa,Venant,iPhone,Blanc,,,256gb
350 000 F Cfa,Neuf,Motorola,Nior,6.7 Pouces,12,256
175 000 F Cfa,Venant,Samsung,Rose,6.4 Pouces,8,256
449 900 F Cfa,Venant,iPhone,"Blue, Noir, blanc, Gold",6.7 Pouces,,128
799 000 F Cfa,Neuf,Samsung,Gris noir violet Ambre Blue Vert orange titanium,6.8 Pouces,12,256
575 000 F Cfa,Neuf,Samsung,Tout,,12,256
500 000 F Cfa,Neuf,Samsung,Tout,,8,256
625 000 F Cfa,Neuf,iPhone,Blanc noir grie bleu,7.0 Pouces,12,128
380 000 F Cfa,D'occasion,Samsung,Silver-Noir-Rose,7.0 Pouces,12,256
180 000 F Cfa,D'occasion,Samsung,Noire -Mauve-Blanc,6.0 Pouces,8,128GB
950 000 F Cfa,Neuf,Honor,Black vert bleu,6.9 Pouces,16,512
720 000 F Cfa,Neuf,iPhone,,,,128
290 000 F Cfa,Venant,iPhone,,,,128
450 000 F Cfa,Venant,iPhone,,,,128
143 500 F Cfa,Venant,iPhone,,,,64
170 000 F Cfa,Venant,iPhone,,,,64
650 000 F Cfa,Neuf,iPhone,,,,
550 000 F Cfa,Neuf,iPhone,,,,
825 000 F Cfa,Neuf,iPhone,Tout,,12,256
420 000 F Cfa,Neuf,iPhone,Vert-Bleu-Blanc-Gold,6.0 Pouces,6,128
800 000 F Cfa,Neuf,iPhone,Blue,,,256go
560 000 F Cfa,Venant,iPhone,Blanc,6.7 Pouces,6,256
150 000 F Cfa,Venant,Xiaomi,Gris onix,6.6 Pouces,8+4,256
255 000 F Cfa,Neuf,Xiaomi,Noir,,8,256
270 000 F Cfa,Neuf,Xiaomi,Coral purple,,8,256
400 000 F Cfa,Venant,iPhone,Gold,6.5 Pouces,4,256Go
235 000 F Cfa,Venant,iPhone,,,,
200 000 F Cfa,Venant,iPhone,,,,64Go
1 200 000 F Cfa,Venant,Honor,Black ultimate,7.1 Pouces,16,1000
999 000 F Cfa,Neuf,iPhone,Bleu,,,1TB
699 000 F Cfa,Neuf,iPhone,Bleu,,,256
210 000 F Cfa,Venant,iPhone,,,,
400 000 F Cfa,Neuf,Samsung,Mauve,6.8 Pouces,8,128
250 000 F Cfa,Neuf,Honor,,,8go,256go
285 000 F Cfa,Venant,iPhone,Toutes couleurs,,,128
800 000 F Cfa,Neuf,iPhone,Rose-Bleu-Blanc-Vert-Noir,7.0 Pouces,6,256
450 000 F Cfa,Neuf,iPhone,Noir,,,128
190 000 F Cfa,Venant,Samsung,Nior,6.7 Pouces,12,128GB
150 000 F Cfa,Neuf,Google,Nior,6.0 Pouces,6,128GB
295 000 F Cfa,Neuf,Oppo,Multiple,6.7 Pouces,8 Go,256 Go
1 250 000 F Cfa,Neuf,Honor,Black ultimate,7.9 Pouces,16 + 7,1000
480 000 F Cfa,Neuf,Google,Black silver,6.9 Pouces,12,256
450 000 F Cfa,Venant,iPhone,Bleu,6.1 Pouces,6,256
450 000 F Cfa,Neuf,iPhone,Noire,6.1 Pouces,8,128
425 000 F Cfa,Venant,Samsung,,7.0 Pouces,12,512
675 000 F Cfa,Venant,iPhone,Mauve,6.0 Pouces,6,256
550 000 F Cfa,Neuf,Google,Noir,6.0 Pouces,12,256
600 000 F Cfa,Neuf,Oppo,Black mauve,6.5 Pouces,8,256
3 000 000 F Cfa,Neuf,Honor,Black,7.9 Pouces,16,1000
159 900 F Cfa,Neuf,Xiaomi,Gold bleu,6.6 Pouces,8,256
,Neuf,iPhone,Différent couleur disponible,,,1T 512GB 256Gb 128Gb
44 900 F Cfa,Venant,Autres,,,4,128
520 000 F Cfa,Neuf,Huawei,Black silver,6.9 Pouces,12,512
,Neuf,iPhone,Différent couleur disponible,,,1T 512GB 256Gb 128Gb
,Neuf,iPhone,Différent couleur disponible,,,1T 512GB 256Gb 128Gb
500 000 F Cfa,Neuf,Samsung,Bkack,,8,256
830 000 F Cfa,Neuf,iPhone,Natural,,,512
450 000 F Cfa,Neuf,iPhone,Noir,,,128
280 000 F Cfa,Neuf,Samsung,Viole,6.7 Pouces,8,256
510 000 F Cfa,Neuf,iPhone,,,,
88 500 F Cfa,Neuf,iPhone,Noir,6.7 Pouces,6Go,256G
130 000 F Cfa,Venant,Samsung,Noir bleu,6.5 Pouces,6go,128go
160 000 F Cfa,Venant,Samsung,,,,512
250 000 F Cfa,D'occasion,Samsung,Gold,,8,512
105 000 F Cfa,Venant,Samsung,,,6,128
120 000 F Cfa,Venant,Oppo,,,12,256
230 000 F Cfa,Venant,Samsung,,,8,128
34 900 F Cfa,Venant,Autres,,,3,32
80 000 F Cfa,Venant,iPhone,,,,64go
105 000 F Cfa,Venant,Samsung,,,6go,128go
450 000 F Cfa,Venant,Samsung,,,12go,256go
350 000 F Cfa,Venant,Samsung,,,12go,256go
300 000 F Cfa,Venant,Samsung,,,12go,256go
390 000 F Cfa,Neuf,iPhone,,,,
170 000 F Cfa,Venant,Xiaomi,,,12go,256go
275 000 F Cfa,Venant,Samsung,,,,128go
120 000 F Cfa,Venant,Samsung,,,,256go
275 000 F Cfa,Venant,Samsung,,,,256go
980 000 F Cfa,Neuf,Oppo,Black bleu braon,6.9 Pouces,16,512 256
185 000 F Cfa,Venant,Samsung,Mauve,,8,256
170 000 F Cfa,Venant,LG,,,,128
430 000 F Cfa,Neuf,Samsung,,,12,256
295 000 F Cfa,Venant,Samsung,Gold,,12,256
125 000 F Cfa,Venant,iPhone,,,,64
310 000 F Cfa,Venant,iPhone,Vert et bleu,6.0 Pouces,5,128 go
120 000 F Cfa,Venant,iPhone,,,,64Go
290 000 F Cfa,Neuf,Google,,,8go,128go
310 000 F Cfa,Neuf,iPhone,Vert et noire,6.0 Pouces,8,128go
375 000 F Cfa,Venant,iPhone,Gris sideral,6.1 Pouces,6,256
399 000 F Cfa,Venant,iPhone,Noir,,,128 Gb
165 000 F Cfa,Venant,Samsung,Noir,,,
900 000 F Cfa,D'occasion,Samsung,Gold/bleu,6.7 Pouces,12,512
500 000 F Cfa,D'occasion,iPhone,Rose/noir/vert,6.0 Pouces,4,128
600 000 F Cfa,Venant,iPhone,Blanc,6.0 Pouces,8,128gb
155 000 F Cfa,Venant,Samsung,Black,6.4 Pouces,6 Go,128 Go
760 000 F Cfa,Neuf,iPhone,Natural titanium black blue,6.5 Pouces,12,256
,Venant,iPhone,NOIR,,,128
90 000 F Cfa,Neuf,Huawei,,,6GB,128GB
259 000 F Cfa,Venant,iPhone,Gris sidéral,6.5 Pouces,4,256
100 000 F Cfa,Venant,iPhone,Différentes,,,64
610 000 F Cfa,Venant,iPhone,Bleu,6.1 Pouces,8,128
200 000 F Cfa,D'occasion,iPhone,Rouge-Vert-Bleu-Noir-Blanc,5.0 Pouces,5,64
370 000 F Cfa,Neuf,iPhone,,,,
270 000 F Cfa,Venant,Samsung,Gold blanc noir,,12,256
185 000 F Cfa,Venant,Samsung,,,12,256
375 000 F Cfa,Venant,Samsung,,,12,512
460 000 F Cfa,Venant,iPhone,Vert,6.0 Pouces,5,256 go
350 000 F Cfa,Neuf,Samsung,Brown,6.8 Pouces,8,128
295 000 F Cfa,Venant,Samsung,Gold,,12,256
780 000 F Cfa,Venant,iPhone,Titanium,6.5 Pouces,6,256
565 000 F Cfa,Venant,iPhone,Mauve,,,128go
500 000 F Cfa,Neuf,iPhone,Blue,,,128go
50 000 F Cfa,Venant,Huawei,Noir bleu gold,6.5 Pouces,4go,64go
140 000 F Cfa,Venant,Samsung,Bleu noir blanc,6.2 Pouces,12go,128go
310 000 F Cfa,Neuf,iPhone,,,,256
390 000 F Cfa,Neuf,iPhone,Tout,,,256
85 000 F Cfa,Neuf,Huawei,,,6GB,128GB
130 000 F Cfa,Neuf,Tecno,Noie bleu,6.6 Pouces,8,256
95 000 F Cfa,Neuf,Samsung,Noir bleu blanc,6.7 Pouces,4go,128go
360 000 F Cfa,Venant,iPhone,Bleu gold,,,256
190 000 F Cfa,Venant,Oppo,Noir,,8,256
150 000 F Cfa,Venant,Samsung,Blanche,,8,256GB
140 000 F Cfa,Venant,Samsung,Noir,,8,128
85 000 F Cfa,Neuf,Samsung,Noir vert,,4,64
550 000 F Cfa,Neuf,Google,Blanc crème,6.7 Pouces,12,128GB
75 000 F Cfa,Neuf,Samsung,,,4Go,128
92 000 F Cfa,Neuf,Samsung,,,4Go,128gb
105 000 F Cfa,Neuf,Samsung,,,4go,128 Gb
,Neuf,iPhone,,,,64 Gb/128gb/256gb/512 Gb
250 000 F Cfa,Venant,iPhone,,,,
150 000 F Cfa,Neuf,Tecno,Différentes,6.7 Pouces,8,256
250 000 F Cfa,Neuf,Samsung,Nior,6.6 Pouces,8,256
120 000 F Cfa,Venant,Samsung,Nior,6.1 Pouces,4,64
400 000 F Cfa,Neuf,Google,Noir,,12go,128go
470 000 F Cfa,Venant,Samsung,,,12go,256go
370 000 F Cfa,Réconditionné,iPhone,,,,
325 000 F Cfa,Venant,iPhone,,,,
469 000 F Cfa,Venant,Samsung,Blanc pink,6.8 Pouces,8,256
,Neuf,Google,Noir,,,128
350 000 F Cfa,Neuf,Google,Tout,,8,128
100 000 F Cfa,D'occasion,iPhone,Silver,4.0 Pouces,4,64
135 000 F Cfa,Neuf,Google,Tout,,4,64
180 000 F Cfa,Neuf,Google,Tout,,4,128
250 000 F Cfa,Neuf,Google,Tout,,6,128
360 000 F Cfa,Venant,Samsung,Noir,6.0 Pouces,12,128 go
34 900 F Cfa,Venant,Sharp,,,3,32
200 000 F Cfa,Venant,Samsung,,,8,256
444 000 F Cfa,Venant,Samsung,,,12,256
150 000 F Cfa,Neuf,Samsung,Vert noir gris,6.6 Pouces,6,128
280 000 F Cfa,D'occasion,iPhone,Rose-blanc-bleu-rouge-Noir,5.0 Pouces,R,128GB
81 900 F Cfa,Neuf,Tecno,"Noir,blanc, bleu,vert",6.6 Pouces,16,128
310 000 F Cfa,Neuf,iPhone,,,,
260 000 F Cfa,Neuf,iPhone,,,,
17 000 F Cfa,Neuf,Samsung,,,,
15 000 F Cfa,D'occasion,Samsung,,,,
775 000 F Cfa,Neuf,Samsung,Tout,,12,256
635 000 F Cfa,Neuf,iPhone,Rose gold,,6,128
520 000 F Cfa,Neuf,iPhone,Gold,6.1 Pouces,8,128GB
425 000 F Cfa,Neuf,Samsung,Noir,,8,256
,Neuf,iPhone,,,8,128 - 256
135 000 F Cfa,Neuf,iPhone,Rouge noir,5.0 Pouces,2,64
20 000 F Cfa,Neuf,Panasonic,Noir,,,
260 000 F Cfa,Neuf,iPhone,,,,
590 000 F Cfa,Neuf,iPhone,,,,
200 000 F Cfa,Venant,Google,,,6,128
45 000 F Cfa,Venant,Samsung,,,3,32
150 000 F Cfa,Venant,Samsung,,,6,128
1 200 000 F Cfa,Neuf,Honor,Mauve,7.6 Pouces,16,512
160 000 F Cfa,Venant,Xiaomi,Vers,6.6 Pouces,8,256GB
58 900 F Cfa,Neuf,Tecno,"Noir, bleu, gris, vert",6.6 Pouces,8,128
89 900 F Cfa,Venant,Samsung,,,,64
74 900 F Cfa,Venant,Samsung,,,4,
110 000 F Cfa,Venant,iPhone,,,,
475 000 F Cfa,Neuf,Xiaomi,Alpine,68.0 Pouces,16,1000
420 000 F Cfa,Venant,iPhone,Noir,6.0 Pouces,5,128 go
690 000 F Cfa,Neuf,iPhone,,,,128
150 000 F Cfa,Venant,iPhone,Blanc rouge noir bleu jaune corail,6.1 Pouces,5go,128go
110 000 F Cfa,Venant,Samsung,,,,128
200 000 F Cfa,Neuf,Oppo,,,,
170 000 F Cfa,D'occasion,iPhone,Noire -blanc-jaune-mauve-vert-rouge,5.0 Pouces,5,128
99 900 F Cfa,Venant,Sharp,,,8,128
99 900 F Cfa,Venant,Sharp,,,8,128
,Venant,Samsung,Marron | Noir,,,128Gb
,Neuf,Samsung,Noir,,,256
315 000 F Cfa,Neuf,iPhone,Bleu,6.1 Pouces,8,128
185 000 F Cfa,Venant,Honor,Gold,6.7 Pouces,12+2,256GB
125 000 F Cfa,Venant,iPhone,Blanc,6.1 Pouces,3,64
130 000 F Cfa,Neuf,Samsung,Bleu noir,6.5 Pouces,8,256
210 000 F Cfa,Venant,Google,NOIR,6.7 Pouces,8GB,128GB
56 500 F Cfa,Neuf,Tecno,"Noir, blanc, bleu, vert",6.6 Pouces,8,64
160 000 F Cfa,Venant,Xiaomi,Noir,6.6 Pouces,8+3,128GB
,Venant,iPhone,,,,128 et 256 fo
135 000 F Cfa,Venant,Samsung,,,,512
70 000 F Cfa,Neuf,Tecno,Noir bleu Vert,6.6 Pouces,8go,128go
260 000 F Cfa,Venant,Samsung,,,8,128
90 000 F Cfa,Venant,Sharp,,,8,128go
500 000 F Cfa,Venant,Samsung,Noir,6.0 Pouces,12,256 go
265 000 F Cfa,Venant,Google,Blanc,6.7 Pouces,8,256
620 000 F Cfa,Neuf,Google,Gold,6.9 Pouces,12,256
750 000 F Cfa,Neuf,Samsung,Mauve,,12,512
190 000 F Cfa,Venant,Samsung,,,,256go
64 900 F Cfa,Neuf,Motorola,,5.5 Pouces,3,32
250 000 F Cfa,Neuf,Autres,Blanc,,,
280 000 F Cfa,Neuf,Autres,,,,
84 900 F Cfa,Venant,Sharp,,,8,128
105 000 F Cfa,Neuf,Sharp,,6.6 Pouces,8,128
80 000 F Cfa,Neuf,Samsung,Noir bleu gold,6.5 Pouces,4,128
114 900 F Cfa,Venant,Sharp,,,12,128
520 000 F Cfa,Venant,iPhone,Noir,6.7 Pouces,8,256
539 000 F Cfa,Venant,iPhone,Noir,7.6 Pouces,8,128
540 000 F Cfa,Venant,Google,Nior,6.8 Pouces,12,128GB
730 000 F Cfa,Neuf,iPhone,Rose,7.0 Pouces,7,128
85 000 F Cfa,Venant,Samsung,Bleu noir mauve,6.2 Pouces,6,64
25 000 F Cfa,Neuf,Autres,,,,
,Neuf,Samsung,,,4go,
520 000 F Cfa,Venant,iPhone,Vert-Noir-Gold-Blanc,6.1 Pouces,6,256
220 000 F Cfa,Venant,Samsung,,,8 GO,128GO
95 000 F Cfa,Neuf,Samsung,Noir bleu vert,6.5 Pouces,4,128
64 900 F Cfa,Venant,Huawei,,,4,128
164 900 F Cfa,Neuf,Huawei,,6.5 Pouces,8,128
290 000 F Cfa,Neuf,Huawei,Bleu noir gris,6.7 Pouces,8,256
610 000 F Cfa,Venant,iPhone,Mauve,,,256go
850 000 F Cfa,Neuf,iPhone,Naturel,,,256go
800 000 F Cfa,Neuf,iPhone,Naturel,,,256go
29 900 F Cfa,Neuf,Nokia,Noir,2.8 Pouces,1,4
235 000 F Cfa,Venant,Oppo,Nior,6.6 Pouces,8,256
110 000 F Cfa,Neuf,Infinix,Gold noir vert bleu,6.7 Pouces,16,256
99 900 F Cfa,Neuf,Huawei,Bleu noir blanc,6.7 Pouces,4,128
800 000 F Cfa,Neuf,iPhone,black titanium,6.5 Pouces,6GB,512GB
29 900 F Cfa,Venant,Autres,,,3,32
500 000 F Cfa,Neuf,iPhone,Rose,,,128 go
185 000 F Cfa,Venant,Samsung,,,12,256go
155 000 F Cfa,Venant,iPhone,,,,64
365 000 F Cfa,Venant,Samsung,,,12,512
175 000 F Cfa,Neuf,Huawei,,,,128
128 000 F Cfa,Neuf,iPhone,Différent couleur disponible,,,64go 128go
550 000 F Cfa,Venant,iPhone,Mauve,,,128go
250 000 F Cfa,Venant,Google,Noir,6.6 Pouces,8,128GB
120 000 F Cfa,Venant,Xiaomi,Blue,,8,128
415 000 F Cfa,Venant,iPhone,Gold,6.0 Pouces,3go,128go
850 000 F Cfa,Neuf,iPhone,Noir et bleu,6.7 Pouces,8,256
1 F Cfa,Neuf,iPhone,Bleu et noir,,,512
135 000 F Cfa,Neuf,Tecno,Noir bleu gold Vert,6.7 Pouces,16,256
155 000 F Cfa,Venant,Samsung,Noir gris bleu blanc,6.4 Pouces,12go,128go
179 900 F Cfa,Neuf,Huawei,Bleu noir gris,6.7 Pouces,8,256
245 000 F Cfa,Neuf,Google,Black,6.3 Pouces,8 Go,128 Go
830 000 F Cfa,Neuf,iPhone,black titanium,6.5 Pouces,6,512GB
365 000 F Cfa,D'occasion,iPhone,Gold-Bleu-Silver-Noire,8.0 Pouces,8,256
120 000 F Cfa,Venant,iPhone,"bleu, blanc,noir,rouge",6.0 Pouces,3,64
,Neuf,iPhone,,,,64go 128go
165 000 F Cfa,Venant,Samsung,,,,
370 000 F Cfa,Neuf,iPhone,,,,
380 000 F Cfa,Neuf,iPhone,,,,
335 000 F Cfa,Venant,iPhone,,,,
1 150 000 F Cfa,Neuf,Huawei,Nior,6.8 Pouces,12,512
180 000 F Cfa,D'occasion,Google,Nior,6.6 Pouces,8,128GB
140 000 F Cfa,Neuf,Samsung,Blanc,6.7 Pouces,8,256GB
350 000 F Cfa,Neuf,Samsung,Rose gold,6.0 Pouces,8go,256go
40 000 F Cfa,Neuf,Itel,Bleu noir vert,6.6 Pouces,2,32
280 000 F Cfa,Neuf,Samsung,Gold,,,256
270 000 F Cfa,Neuf,Qilive,Noir mauve,6.5 Pouces,8,256
250 000 F Cfa,Venant,Oppo,Noir,6.7 Pouces,12Go+4,256Go
100 000 F Cfa,Venant,Huawei,Noir,,6Go,128Go
130 000 F Cfa,Neuf,Lenovo,Grise,10.0 Pouces,4,128
57 000 F Cfa,Neuf,Tecno,Bleu noir,6.5 Pouces,7,64
100 000 F Cfa,Venant,Sony,Bleu noir,6.7 Pouces,12,128
29 900 F Cfa,Neuf,Itel,Bleu noir,5.0 Pouces,1,32
155 000 F Cfa,Neuf,iPhone,Différent couleur disponible,,,64go 128go
125 000 F Cfa,Neuf,Xiaomi,Bleu noir gris,6.7 Pouces,8,256
,Venant,Samsung,Noir,,,256
,D'occasion,Samsung,Noir,,,256
,Venant,iPhone,Gris & Gold,,,64GB | 256
180 000 F Cfa,Venant,Samsung,Noir gris bleu,6.6 Pouces,12go,128go
345 000 F Cfa,Venant,Samsung,Blanc,6.6 Pouces,8 Go,256 Go
75 000 F Cfa,Venant,OnePlus,,,4,64
255 000 F Cfa,Venant,Samsung,,,4,128
190 000 F Cfa,Venant,Samsung,,,8,128
145 000 F Cfa,Venant,iPhone,Noir blancs bleus,6.1 Pouces,3,128go
89 900 F Cfa,Venant,Samsung,,,6,128
160 000 F Cfa,Venant,Samsung,,,6,
370 000 F Cfa,Venant,iPhone,Noir,6.7 Pouces,8,128
230 000 F Cfa,Venant,Oppo,Gold Noire,,16,256
6 500 000 F Cfa,Neuf,iPhone,Pink,,,256go
200 000 F Cfa,Venant,Samsung,Nior,6.7 Pouces,8,128GB
510 000 F Cfa,Neuf,iPhone,,,,
500 000 F Cfa,Neuf,iPhone,,,,128
1 080 000 F Cfa,Neuf,Honor,Vert,6.9 Pouces,12 + 7,512
780 000 F Cfa,Neuf,Huawei,Black,7.6 Pouces,12,512
145 000 F Cfa,Neuf,Samsung,Bleu noir vert,6.6 Pouces,6,128
360 000 F Cfa,Venant,iPhone,,,,128
445 000 F Cfa,Neuf,Huawei,Black,6.7 Pouces,8 Go,256 Go
760 000 F Cfa,Neuf,iPhone,Blanc,,,256
170 000 F Cfa,Venant,Samsung,Noire,,8,128
180 000 F Cfa,Venant,Samsung,Noir,,8,128
190 000 F Cfa,Venant,Samsung,Silver,,8,128
820 000 F Cfa,Neuf,iPhone,Naturel bleu,,,256go
80 000 F Cfa,Venant,Autres,Bleu noir blanc,6.6 Pouces,6,128
300 000 F Cfa,Neuf,Xiaomi,noir,6.3 Pouces,8,256
120 000 F Cfa,Neuf,Tecno,Noir blanc,6.7 Pouces,8,256
135 000 F Cfa,Venant,iPhone,Blanc,,,
230 000 F Cfa,Neuf,Google,Charbon,,8,128
37 500 F Cfa,Venant,Autres,Gold,5.7 Pouces,6,128
130 000 F Cfa,Venant,Sharp,Bleu noir blanc,,12,128
35 000 F Cfa,Venant,Huawei,Bleu noir,6.2 Pouces,4,128
690 000 F Cfa,Venant,Samsung,Titanium,6.8 Pouces,12,256GB
1 050 000 F Cfa,Neuf,iPhone,,6.7 Pouces,12G,1000G
480 000 F Cfa,Neuf,iPhone,NOIR,6.1 Pouces,8G,128G
140 000 F Cfa,Venant,OnePlus,Bleu,6.6 Pouces,8,128GB
150 000 F Cfa,Venant,Samsung,Noir - bleu,6.3 Pouces,8 Giga,256 Giga
90 000 F Cfa,Venant,Samsung,Noir - bleu - rose,6.2 Pouces,6 Giga,64 Giga
75 000 F Cfa,D'occasion,Samsung,Rose - Noir,5.8 Pouces,6,64
639 900 F Cfa,Venant,Samsung,Violet,6.8 Pouces,12,256
265 000 F Cfa,Venant,Xiaomi,,6.7 Pouces,12,512
749 000 F Cfa,Neuf,Samsung,Noir,,,512
90 000 F Cfa,Venant,Samsung,Noir,6.5 Pouces,4GB,128GB
210 000 F Cfa,Neuf,iPhone,Différent couleur disponible,,,64GB 256GB
,Venant,iPhone,Midnight | Blanc | Violet | Rouge,,,128 | 256
330 000 F Cfa,Neuf,Samsung,Noir,6.0 Pouces,8,256
740 000 F Cfa,Venant,iPhone,Blanc,,,512go
140 000 F Cfa,Venant,Samsung,Noir,,,
725 000 F Cfa,Venant,iPhone,Gris,,,256
325 000 F Cfa,Neuf,Samsung,Noir,,8,256
79 900 F Cfa,Venant,Sharp,,,8,128
29 900 F Cfa,Venant,Sharp,,,3,32
134 900 F Cfa,Venant,Samsung,,,6,128
74 900 F Cfa,Venant,Samsung,,,4,138
900 000 F Cfa,Neuf,Samsung,Silver,14.0 Pouces,12,256
,Venant,iPhone,Bleu & Gris,,,128Gb
160 000 F Cfa,Venant,Samsung,"Gold,mauve,noir,blanc",6.2 Pouces,8Gb,128Gb
120 000 F Cfa,Venant,Samsung,"Pink,very,bleu",6.5 Pouces,6GB,128GB
80 000 F Cfa,Venant,Samsung,"Noir,mauve",6.2 Pouces,6GB,64GB
160 000 F Cfa,Venant,Samsung,"Gold,noir,bleue",6.7 Pouces,8GB,128GB
,Venant,iPhone,Gold | Bleu,,,128 | 256
,Venant,iPhone,Blanc | Bleu | Gold | Gris,,,128GB | 256
800 000 F Cfa,Neuf,iPhone,Nature titanium,6.0 Pouces,8,256
480 000 F Cfa,Venant,OnePlus,Vers,6.8 Pouces,16,512GB
700 000 F Cfa,Venant,Samsung,Gold,,12,512
245 000 F Cfa,Réconditionné,iPhone,Planc,,,128
65 000 F Cfa,Venant,Xiaomi,,,12GB,128GB
55 000 F Cfa,Venant,Samsung,Noir,,6GB,128GB
40 000 F Cfa,Venant,THL,,,8GB,128GB
30 000 F Cfa,Venant,Motorola,,,4GB,64GB
80 000 F Cfa,Venant,Xiaomi,,,8GB,128GB
70 000 F Cfa,Venant,Oppo,,,8GB,128GB
39 900 F Cfa,Venant,Autres,,,6,128
100 000 F Cfa,Venant,Samsung,,,8GB,128GB
34 900 F Cfa,Venant,Autres,,,4,64
1 070 000 F Cfa,Neuf,Samsung,Gray natural titanium,6.9 Pouces,12,1000
64 900 F Cfa,Venant,Huawei,,,6,128
24 900 F Cfa,Venant,Autres,,,3,32
60 000 F Cfa,Venant,Samsung,,,4GB,128GB
40 000 F Cfa,Venant,Samsung,,,3GB,32GB
65 000 F Cfa,Venant,Samsung,,,6GB,128GB
65 000 F Cfa,Venant,Xiaomi,,,6GB,128GB
95 000 F Cfa,Venant,Huawei,,,8GB,128GB
830 000 F Cfa,Neuf,iPhone,Naturel,,,256
370 000 F Cfa,Venant,Samsung,Gris,,12,256Gb
300 000 F Cfa,D'occasion,iPhone,Bleu-Noir-Blanc-Gold,7.0 Pouces,7,128
230 000 F Cfa,Venant,Samsung,Vert,5.0 Pouces,6,128
125 000 F Cfa,Neuf,Samsung,Noir bleu vert,6.5 Pouces,8,256
260 000 F Cfa,Venant,iPhone,Noir,5.0 Pouces,5,128 go
280 000 F Cfa,D'occasion,iPhone,Bleu,6.0 Pouces,5,256 go
250 000 F Cfa,D'occasion,iPhone,,,,256
190 000 F Cfa,Venant,Samsung,,,,
150 000 F Cfa,Venant,iPhone,,,,
135 000 F Cfa,D'occasion,iPhone,Bleu -corail -Blanc-rouge-noire-jaune,5.0 Pouces,5,128
59 900 F Cfa,Venant,Sony,Noir gris,6.0 Pouces,4,64
69 900 F Cfa,Neuf,Motorola,Noir mauve rose,6.5 Pouces,4,64
35 000 F Cfa,Venant,Huawei,Noir gris gold,5.5 Pouces,6,128
99 900 F Cfa,Neuf,Tecno,Gris,6.7 Pouces,8,256
65 000 F Cfa,Neuf,Tecno,Noir blanc,6.6 Pouces,4,128
580 000 F Cfa,Neuf,Samsung,Violet,,12,512
,Venant,iPhone,BLEU,,,128
,Venant,iPhone,Vert,,,128
,Neuf,iPhone,Gold,,,128
140 000 F Cfa,Venant,Samsung,,,6,128
89 900 F Cfa,Venant,Samsung,,,6,128
179 900 F Cfa,Venant,LG,,,8,128go
195 000 F Cfa,Venant,iPhone,,,,
190 000 F Cfa,Venant,iPhone,,,,64 et 128
55 000 F Cfa,Venant,Huawei,Noir vert,6.5 Pouces,4,128
1 F Cfa,Neuf,iPhone,,,,
1 F Cfa,Venant,iPhone,,,,
50 000 F Cfa,Neuf,Samsung,Noir,8.0 Pouces,3,32
420 000 F Cfa,Venant,Samsung,Noir,7.6 Pouces,12,512
199 998 F Cfa,Venant,iPhone,"blanc, black,rouge,vert,bleu",6.0 Pouces,4,64
350 000 F Cfa,Neuf,Samsung,"Silver,noir,vert",8.0 Pouces,12,256
99 900 F Cfa,Venant,Huawei,Noir Vert bleu,6.6 Pouces,6,128
845 000 F Cfa,Neuf,iPhone,,,,256
500 000 F Cfa,Venant,Samsung,Lavande,6.0 Pouces,8,256
240 000 F Cfa,Venant,iPhone,BLANCHE ✅,6.0 Pouces,8 GO ✅,256 GO SSD ✅
66 900 F Cfa,Neuf,Tecno,"Noir, bleu, blanc, vert, gris,violet",6.6 Pouces,8,128
154 900 F Cfa,Venant,iPhone,,,,64
144 900 F Cfa,Venant,iPhone,,,,128
114 900 F Cfa,Venant,iPhone,,,,64
78 000 F Cfa,Venant,iPhone,,,,128
195 000 F Cfa,Neuf,Huawei,,6.7 Pouces,,
80 000 F Cfa,Neuf,Crosscall,,,,
410 000 F Cfa,Neuf,iPhone,Bleu,,,128
175 000 F Cfa,D'occasion,iPhone,Bleu blanc,,,128
60 000 F Cfa,Venant,Xiaomi,Noir,,10GB,128GB
70 000 F Cfa,Neuf,Tecno,Noir gold,6.6 Pouces,8,128
110 000 F Cfa,Neuf,Tecno,Noir gold,6.7 Pouces,8,256
340 000 F Cfa,Venant,Samsung,Noir,7.0 Pouces,12,256
164 900 F Cfa,Neuf,Tecno,,6.7 Pouces,8,256
80 000 F Cfa,Venant,Samsung,,,4,
34 900 F Cfa,Venant,iPhone,,,,16
350 000 F Cfa,Venant,Samsung,Blanc noir,10.1 Pouces,12,256
599 000 F Cfa,Neuf,Samsung,Obsidian,,,256
710 000 F Cfa,Neuf,Samsung,Gray natural titanium,6.9 Pouces,12,256
175 000 F Cfa,Venant,iPhone,Noir rouge ect…,6.1 Pouces,4go,128go
500 000 F Cfa,Neuf,iPhone,Verte-Bleu-Rose-Bleu,6.0 Pouces,12,128GB
60 000 F Cfa,Venant,Huawei,Noir Vert,6.5 Pouces,6,128
35 000 F Cfa,Neuf,Itel,Noir gold,5.0 Pouces,4,32
90 000 F Cfa,Neuf,Samsung,Noir,5.8 Pouces,6,128
89 900 F Cfa,Venant,Samsung,,,6,128
330 000 F Cfa,Venant,iPhone,"Blue, Pink, Red",,,128Go
140 000 F Cfa,Venant,iPhone,Noir rouge jaune rose bleu blanc,,,64
1 050 000 F Cfa,Neuf,iPhone,"Natural Titan, Blue Titan, White Titan",,,512Go
360 000 F Cfa,Venant,Samsung,Blanc,6.9 Pouces,12,256 go
510 000 F Cfa,Venant,Samsung,Noir,6.0 Pouces,12,256
25 000 F Cfa,Neuf,Samsung,Bleu noir blanc,6.0 Pouces,4d,128
385 000 F Cfa,Venant,iPhone,,,,128
,Neuf,iPhone,NOIR - BLEU - ROUGE - JAUNE - NOIR - BLANC,,8,64 - 128 - 256
450 000 F Cfa,Venant,Samsung,Black,6.5 Pouces,8,128
64 900 F Cfa,Venant,Samsung,,,,32
69 900 F Cfa,Venant,Samsung,,,,64
84 900 F Cfa,Venant,Samsung,,6.2 Pouces,,64
460 000 F Cfa,Neuf,iPhone,Bleu-Gold-blanc-Vert-Noir,7.0 Pouces,7,128GB
700 000 F Cfa,Neuf,Samsung,Gris,67.0 Pouces,12,256
49 900 F Cfa,Venant,LG,,,4,128go
70 000 F Cfa,Venant,Huawei,,,6,128
180 000 F Cfa,Venant,LG,,,8,128
900 000 F Cfa,Neuf,Honor,PURPLE,,16GO,512GO
375 000 F Cfa,Neuf,Samsung,NOIR,,6GO,128GO
110 000 F Cfa,Neuf,Xiaomi,Bleu noir,6.8 Pouces,8,256
145 000 F Cfa,Neuf,Samsung,Noir vert,6.6 Pouces,6,128
390 000 F Cfa,Venant,iPhone,Neuf rouge noir blanc,10.1 Pouces,8,128
600 000 F Cfa,Neuf,iPhone,Grie titanium bien titanium,1.7 Pouces,12,128
490 000 F Cfa,Venant,iPhone,Rose gold,1.7 Pouces,10,128
405 000 F Cfa,Venant,iPhone,Bleu,6.7 Pouces,6,256
240 000 F Cfa,Neuf,Xiaomi,,6.7 Pouces,12,512
170 000 F Cfa,Neuf,Xiaomi,,6.7 Pouces,8,256
215 000 F Cfa,Neuf,Xiaomi,Noir,6.6 Pouces,8,256
65 000 F Cfa,Venant,iPhone,Gold,,,128 giga
85 900 F Cfa,Venant,iPhone,Pink et gold,,,128 giga
100 000 F Cfa,Venant,Sharp,Blanc gris bleu,6.7 Pouces,12,128
275 000 F Cfa,Venant,iPhone,Noir,6.0 Pouces,5,256 go
340 000 F Cfa,Venant,Samsung,Noir,7.0 Pouces,12,256
90 000 F Cfa,Neuf,Samsung,Noir bleu,6.5 Pouces,4,128
30 000 F Cfa,Neuf,Itel,Green bleu,5.0 Pouces,1,32
389 000 F Cfa,Venant,Sony,,,,32
1 150 000 F Cfa,Neuf,iPhone,"Blue, Black",,,512Go
130 000 F Cfa,D'occasion,iPhone,Blanc,6.1 Pouces,4,64
159 900 F Cfa,Neuf,Huawei,,,8,128
600 000 F Cfa,Venant,Huawei,Blanc noir,10.1 Pouces,12,512
69 900 F Cfa,Neuf,Motorola,,,,64
90 000 F Cfa,Venant,Samsung,,,,128
185 000 F Cfa,Neuf,Oppo,,,12,
65 000 F Cfa,Neuf,Sony,,,64,
350 000 F Cfa,Neuf,OnePlus,,,,
330 000 F Cfa,Neuf,Oppo,,,256 go,
290 000 F Cfa,Venant,Oppo,,,16,256
170 000 F Cfa,D'occasion,iPhone,Verte-blanc-rouge-noire-jaune,7.0 Pouces,7,128
350 000 F Cfa,Venant,iPhone,Bleue Gold,6.7 Pouces,6go,256go
95 000 F Cfa,Venant,Sharp,Bleu noir blanc,6.5 Pouces,12,128
165 000 F Cfa,Neuf,Xiaomi,Gris,6.7 Pouces,8,256
250 000 F Cfa,Venant,iPhone,,,,
110 000 F Cfa,Venant,iPhone,,,,
85 000 F Cfa,Neuf,Huawei,Noir bleu,6.5 Pouces,6,128
169 900 F Cfa,Neuf,Huawei,,,8,256go
84 900 F Cfa,Venant,Huawei,,,,
60 000 F Cfa,Venant,Huawei,Noir Vert,6.5 Pouces,4,128
760 000 F Cfa,Neuf,iPhone,Black natural bleu white,6.9 Pouces,16,256
680 000 F Cfa,Neuf,Samsung,Natural titanium,6.9 Pouces,12,256
750 000 F Cfa,Neuf,Samsung,Bleu Black cream,7.6 Pouces,12,256
725 000 F Cfa,Neuf,Samsung,Bleu Black cream,67.6 Pouces,12,256
775 000 F Cfa,Neuf,Samsung,Gray natural titanium,6.9 Pouces,12,512
30 000 F Cfa,Venant,Samsung,Grise,,2GB,32GB
40 000 F Cfa,Venant,Huawei,vert,,4GB,128GB
60 000 F Cfa,Venant,Oppo,Noir,,10GB,128GB
35 000 F Cfa,Venant,Xiaomi,Noir,,8GB,128GB
255 000 F Cfa,Venant,iPhone,Noir blanc gold bleue,1.7 Pouces,6,256
760 000 F Cfa,Neuf,iPhone,"Bue, Black, Green",,,256Go
1 200 000 F Cfa,Neuf,iPhone,Blue Titan,,,1TB
280 000 F Cfa,D'occasion,iPhone,Rouge-Bleu-Blanc -rose-Noir,6.0 Pouces,6,128
40 000 F Cfa,D'occasion,Autres,,,,
830 000 F Cfa,Neuf,iPhone,Nature titanium,6.7 Pouces,8,256
270 000 F Cfa,Neuf,Google,Noir,,,128
165 000 F Cfa,Venant,Samsung,Noir gold gris,6.7 Pouces,8go,256go
380 000 F Cfa,Neuf,Samsung,Noire,6.0 Pouces,8,128
120 000 F Cfa,Neuf,Xiaomi,Noir bleu,6.4 Pouces,8,256
560 000 F Cfa,Neuf,iPhone,"Red, Blue, Purple, Starlight",,,256Go
120 000 F Cfa,Venant,Sony,,6.5 Pouces,,128
105 000 F Cfa,Venant,Samsung,,,6,128
164 900 F Cfa,Neuf,Huawei,,,,256
112 000 F Cfa,Venant,Samsung,,,6,128
95 000 F Cfa,Venant,Sharp,,,,128
145 000 F Cfa,Neuf,Samsung,Bleu,6.0 Pouces,6,128
265 000 F Cfa,Venant,iPhone,Vert,6.0 Pouces,6,128
480 000 F Cfa,Venant,Honor,Vers,6.7 Pouces,12+7,512
149 900 F Cfa,Neuf,Samsung,Bleu noir,6.5 Pouces,8,128
130 000 F Cfa,Venant,Google,Noir,6.0 Pouces,8,128
160 000 F Cfa,Venant,Samsung,Bleu gris,6.7 Pouces,12,256
75 000 F Cfa,Neuf,Samsung,Noir gris mauve,6.7 Pouces,4,128
330 000 F Cfa,Venant,iPhone,Bleue ou Gold,6.7 Pouces,6,128go
550 000 F Cfa,D'occasion,iPhone,Gold -Noir-Blanc,8.0 Pouces,8,128
90 000 F Cfa,Venant,Samsung,,,6,128
395 000 F Cfa,Venant,Samsung,Bleu et noir,6.0 Pouces,12,256
340 000 F Cfa,Venant,Samsung,Gris,,12,256
265 000 F Cfa,Neuf,Xiaomi,,,12,512
785 000 F Cfa,Neuf,iPhone,Toute couleur,6.0 Pouces,8 GB,256 gb
155 000 F Cfa,Neuf,iPhone,Différent couleur disponible,,,64go 128go
275 000 F Cfa,Neuf,iPhone,Différent couleur disponible,,,128Gb
74 900 F Cfa,Venant,Huawei,,,8,128
185 000 F Cfa,Venant,Samsung,,,12,512go
,Venant,OnePlus,Bleu,,4,128
650 000 F Cfa,Neuf,Samsung,,,12,256
135 000 F Cfa,Venant,iPhone,Violet,,,64
205 000 F Cfa,Venant,iPhone,Blanc,,,64
225 000 F Cfa,Venant,OnePlus,Noir,6.7 Pouces,8,128
780 000 F Cfa,Neuf,Samsung,Gold,,12,256
750 000 F Cfa,Venant,Samsung,Gold,6.8 Pouces,12,512
290 000 F Cfa,Venant,Google,Noir blanc,6.7 Pouces,12,12
65 000 F Cfa,Neuf,Samsung,Bleu noir blanc,6.5 Pouces,4,128
65 000 F Cfa,Venant,Huawei,Bleu noir,6.2 Pouces,6,128
290 000 F Cfa,Venant,iPhone,,,,
169 000 F Cfa,Venant,iPhone,,,3,128
145 000 F Cfa,Venant,iPhone,Pink noir blanc,1.7 Pouces,4,256
105 000 F Cfa,D'occasion,Samsung,,,,128go
450 000 F Cfa,Venant,Xiaomi,Blanc,,12,256
149 000 F Cfa,Venant,iPhone,,,,64
580 000 F Cfa,Venant,iPhone,Noir,,,128
250 000 F Cfa,Venant,Samsung,Noir gold,6.7 Pouces,12,128
59 900 F Cfa,Neuf,Tecno,Bleu noir gold vert,6.6 Pouces,8,128
99 900 F Cfa,Venant,Huawei,Bleu noir blanc,6.5 Pouces,8,128
40 000 F Cfa,Venant,LG,Bleu noir,5.5 Pouces,4,64
420 000 F Cfa,Venant,iPhone,Meuf blanc,1.7 Pouces,8,128
190 000 F Cfa,Venant,iPhone,Verte,,,64
280 000 F Cfa,Venant,Samsung,Gold,,8,256
350 000 F Cfa,Venant,Autres,Gris,,12,512
295 000 F Cfa,Venant,Samsung,Mauve et gold,5.0 Pouces,8,128
275 000 F Cfa,Venant,iPhone,Verte ou Gold,5.0 Pouces,6go,256go
330 000 F Cfa,Venant,Samsung,Noir,6.7 Pouces,12,256
290 000 F Cfa,Venant,iPhone,"White, Red, Blue",,,128Go
200 000 F Cfa,Neuf,Samsung,Bleu,6.0 Pouces,8,256
400 000 F Cfa,Venant,Samsung,Noir gold,6.5 Pouces,8,512
360 000 F Cfa,Venant,iPhone,"Blue, Gold , White",,,128Go
300 000 F Cfa,Venant,Samsung,Bleu noir,6.5 Pouces,8,256
175 000 F Cfa,Venant,Samsung,Noir bleu,6.7 Pouces,12go,256go
90 000 F Cfa,Neuf,Infinix,Noir bleu Vert,6.7 Pouces,16go,256go
60 000 F Cfa,Venant,iPhone,noir,9.0 Pouces,2 Go,64
370 000 F Cfa,Venant,iPhone,"Midnight, Green , Blue",,,128GO
330 000 F Cfa,Venant,iPhone,Gold / Black,,,256 Go
420 000 F Cfa,Venant,iPhone,Black,,,512G0
200 000 F Cfa,Venant,iPhone,Red,,,64Go
300 000 F Cfa,Venant,iPhone,"White, Black",,,64Go
669 993 F Cfa,Neuf,iPhone,"Green, Pink",,,128Go
84 900 F Cfa,Neuf,Samsung,Bleu ciel et noir,6.5 Pouces,4,128
285 000 F Cfa,Neuf,Xiaomi,Blanc noie,6.6 Pouces,11,512
130 000 F Cfa,Neuf,Xiaomi,Bleu,6.4 Pouces,8,256
70 000 F Cfa,Venant,Huawei,Bleu noir blanc,6.5 Pouces,8,128
55 000 F Cfa,Venant,Huawei,Bleu noir,6.0 Pouces,4,128
185 000 F Cfa,Venant,Samsung,Bleu noir,6.7 Pouces,12,512
150 000 F Cfa,Venant,Samsung,Noir bleu blanc,6.2 Pouces,8go,256go
250 000 F Cfa,Venant,Samsung,Mauve bleu gold,6.5 Pouces,8,256
69 900 F Cfa,Venant,Sharp,Blanc noir gold,6.6 Pouces,8,128
85 000 F Cfa,Venant,Samsung,Bleu noir mauve,6.2 Pouces,6,64
19 900 F Cfa,Venant,Alcatel,,,,8
69 900 F Cfa,Venant,Samsung,,,4,64
410 000 F Cfa,Venant,iPhone,Blue,6.0 Pouces,5,256 go
100 000 F Cfa,Venant,Samsung,Noir,6.5 Pouces,6,128
120 000 F Cfa,Venant,Huawei,Bleu noir blanc,6.5 Pouces,8,256
120 000 F Cfa,Venant,Sony,,6.0 Pouces,8go,128go
750 000 F Cfa,Venant,Huawei,Vert noir,10.1 Pouces,12,512
350 000 F Cfa,Venant,Samsung,Noire,,8,128
550 000 F Cfa,Neuf,Samsung,Rose noir vert,,8,256
360 000 F Cfa,Neuf,Samsung,Noir,,12,256
300 000 F Cfa,Venant,Samsung,,,12go,128go
200 000 F Cfa,Venant,Samsung,,,8go,256go
200 000 F Cfa,Neuf,iPhone,Différent couleur disponible,,,64go 128go
125 000 F Cfa,Neuf,iPhone,Différent couleur disponible,,,64go 128go
185 000 F Cfa,Neuf,Samsung,,,8go,128go
290 000 F Cfa,Venant,iPhone,Différent couleur disponible,,,256GB
590 000 F Cfa,Venant,iPhone,Rose pink,10.1 Pouces,12,128
10 000 F Cfa,Neuf,Autres,,,,
69 900 F Cfa,Venant,Samsung,,,,128
110 000 F Cfa,Venant,iPhone,,,,64
309 000 F Cfa,D'occasion,iPhone,,,,128Go
259 000 F Cfa,Venant,iPhone,,,,128Go
249 000 F Cfa,Venant,iPhone,,,,256Go
219 000 F Cfa,D'occasion,iPhone,,,,256Go
256 000 F Cfa,Neuf,iPhone,,,256go,
290 000 F Cfa,Neuf,iPhone,,,128go,
35 000 F Cfa,Venant,Xiaomi,,,2GB,32GB
149 900 F Cfa,Venant,Huawei,,,8,128
240 000 F Cfa,Venant,iPhone,,,,128
130 000 F Cfa,Neuf,iPhone,Toutes les couleurs,,,64go
150 000 F Cfa,Venant,Google,Vert Blanc,6.1 Pouces,6,128
45 000 F Cfa,Neuf,Itel,,6.6 Pouces,3,128
620 000 F Cfa,Venant,Samsung,Bleu,7.6 Pouces,12,256
205 000 F Cfa,Neuf,Xiaomi,Noir & Mauve,6.7 Pouces,8,256
500 000 F Cfa,Neuf,iPhone,Verte bleue ou gold,6.7 Pouces,6go,128go et 256go
100 000 F Cfa,Venant,iPhone,Rose Gold noir,5.5 Pouces,3go,64go
550 000 F Cfa,Neuf,Huawei,Noir gris,6.6 Pouces,8go,256go
300 000 F Cfa,Neuf,Huawei,"noir, aurora et silver frost",6.4 Pouces,8go,256go
570 000 F Cfa,Venant,iPhone,Grie titanium bleu titanium,1.7 Pouces,12,128
52 500 F Cfa,Neuf,Tecno,Différentes,66.0 Pouces,3,64
535 000 F Cfa,Neuf,iPhone,Blue Noir Pink,,,128go
440 000 F Cfa,Venant,Samsung,Mauve,,,256go
550 000 F Cfa,Venant,iPhone,Rose,,,128go
165 000 F Cfa,Neuf,Xiaomi,Gris - Blanc - Noir -Bleu,6.6 Pouces,8Go,256Go
580 000 F Cfa,Venant,iPhone,Naturel,,,256go
310 000 F Cfa,Venant,Samsung,Mauve,,12,512go
290 000 F Cfa,Venant,Samsung,Noir gold,6.7 Pouces,12,256
129 900 F Cfa,Neuf,Huawei,Bleu noir Vert,6.6 Pouces,8,128
58 000 F Cfa,Neuf,Samsung,Bleu noir vert,6.6 Pouces,4,64
165 000 F Cfa,Venant,Samsung,Noir bleu Vert,6.5 Pouces,8go,128go
160 000 F Cfa,Venant,Honor,Bleu,6.6 Pouces,8,256GB
650 000 F Cfa,Venant,Samsung,Gris,6.8 Pouces,12,256
1 200 000 F Cfa,Neuf,Google,Black,7.1 Pouces,12,256
650 000 F Cfa,Neuf,Samsung,Natural black,6.9 Pouces,12,256
790 000 F Cfa,Neuf,iPhone,TOUT LES COULEURS,6.7 Pouces,8G,256G
150 000 F Cfa,Venant,Samsung,Bleu noir mauve,6.5 Pouces,8,128
190 000 F Cfa,Venant,Samsung,Bleu noir,6.7 Pouces,8,128
250 000 F Cfa,Neuf,iPhone,,,,
325 000 F Cfa,Neuf,Samsung,Blue,6.5 Pouces,8,128
350 000 F Cfa,Venant,Samsung,Noire,6.5 Pouces,12,256
160 000 F Cfa,Venant,iPhone,Vert,6.5 Pouces,3,64
95 000 F Cfa,Neuf,iPhone,Différent couleur disponible,,,64GB
310 000 F Cfa,Neuf,iPhone,Différent couleur disponible,,,128Gb
285 000 F Cfa,Neuf,iPhone,Différent couleur disponible,,,128GB
200 000 F Cfa,Neuf,iPhone,,6.1 Pouces,,64go 128go
145 000 F Cfa,Neuf,iPhone,Différent couleur disponible,,,128GB
245 000 F Cfa,Neuf,iPhone,Différent couleur disponible,,,64GB
800 000 F Cfa,Neuf,iPhone,Bleu,,,256GB
630 000 F Cfa,Neuf,Samsung,,,,
170 000 F Cfa,Venant,Google,Nior,6.6 Pouces,8,128GB
360 000 F Cfa,Venant,Xiaomi,Blanc,6.8 Pouces,12,256
295 000 F Cfa,Venant,iPhone,,,,128
460 000 F Cfa,Venant,iPhone,Bleu,6.0 Pouces,6,512
570 000 F Cfa,Venant,iPhone,Silver,6.0 Pouces,6,128
450 000 F Cfa,Venant,Samsung,Nior,6.8 Pouces,12,256
220 000 F Cfa,Venant,Google,Nior,6.7 Pouces,8,128GB
270 000 F Cfa,Venant,Samsung,Noir,6.6 Pouces,8,256
175 000 F Cfa,Venant,Samsung,Bleu gold mauve,6.5 Pouces,8,128
120 000 F Cfa,Venant,Sony,Bleu noir blanc,6.7 Pouces,12,128
80 000 F Cfa,Venant,Samsung,Noir bleu,6.6 Pouces,4,128
65 000 F Cfa,Neuf,Infinix,Noir bleu Vert,6.6 Pouces,8go,128go
85 000 F Cfa,Neuf,Samsung,Bleu noir blanc,6.6 Pouces,4,128
430 000 F Cfa,Venant,Samsung,Noir gold,6.7 Pouces,12,512
120 000 F Cfa,Venant,Samsung,Bleu noir blanc,6.5 Pouces,6,128
90 000 F Cfa,Venant,Samsung,Bleu noir,6.6 Pouces,6,64
125 000 F Cfa,Venant,iPhone,All colors,,,64giga
150 000 F Cfa,Venant,iPhone,Différence,,4,64
115 000 F Cfa,Venant,iPhone,Différence,,3,64
565 000 F Cfa,Venant,iPhone,Mauve,,,128go
420 000 F Cfa,Venant,iPhone,,,,