prix,etat,marque,dimension_ecran
35 000 F Cfa,Neuf,Schneider,
30 000 F Cfa,Neuf,Autre,
150 000 F Cfa,Neuf,Autre,43.0 Pouces
25 000 F Cfa,Neuf,Autre,
45 000 F Cfa,Neuf,Autre,125.0 Pouces
70 000 F Cfa,Neuf,Autre,
45 000 F Cfa,Neuf,Toshiba,125.0 Pouces
100 000 F Cfa,Neuf,Hisense,32.0 Pouces
200 000 F Cfa,Venant,Autre,
300 000 F Cfa,Neuf,Smart Technology,65.0 Pouces
189 900 F Cfa,Neuf,LG,43.0 Pouces
290 000 F Cfa,Neuf,Star,58.0 Pouces
100 000 F Cfa,Neuf,Hisense,32.0 Pouces
20 000 F Cfa,Neuf,Autre,
25 000 F Cfa,Neuf,Autre,"2,160.0 Pouces"
25 000 F Cfa,Neuf,Toshiba,
164 900 F Cfa,Neuf,Autre,43.0 Pouces
100 000 F Cfa,Neuf,Autre,
1 650 000 F Cfa,Neuf,LG,82.0 Pouces
1 250 000 F Cfa,Neuf,LG,75.0 Pouces
159 900 F Cfa,Neuf,Autre,43.0 Pouces
90 000 F Cfa,Neuf,Autre,32.0 Pouces
245 000 F Cfa,Neuf,Autre,
99 900 F Cfa,Neuf,Autre,32.0 Pouces
370 000 F Cfa,Neuf,Autre,65.0 Pouces
99 900 F Cfa,Neuf,Autre,32.0 Pouces
40 000 F Cfa,Neuf,Toshiba,95.0 Pouces
160 000 F Cfa,Neuf,Autre,43.0 Pouces
99 900 F Cfa,Neuf,Autre,32.0 Pouces
85 000 F Cfa,Neuf,Astech,
105 000 F Cfa,Neuf,LG,32.0 Pouces
214 000 F Cfa,Neuf,Autre,50.0 Pouces
129 000 F Cfa,Neuf,Autre,43.0 Pouces
310 000 F Cfa,Neuf,Autre,65.0 Pouces
270 000 F Cfa,Neuf,Astech,50.0 Pouces
185 000 F Cfa,Neuf,Hisense,43.0 Pouces
610 000 F Cfa,Neuf,Samsung,65.0 Pouces
259 000 F Cfa,Neuf,Autre,55.0 Pouces
259 000 F Cfa,Neuf,Continental,55.0 Pouces
149 000 F Cfa,Neuf,Roch,43.0 Pouces
130 000 F Cfa,Neuf,APPLE,"3,840.0 Pouces"
199 000 F Cfa,Neuf,Autre,50.0 Pouces
298 000 F Cfa,Neuf,Autre,65.0 Pouces
650 000 F Cfa,Neuf,Astech,75.0 Pouces
134 900 F Cfa,Neuf,Autre,
229 000 F Cfa,Neuf,LG,43.0 Pouces
189 000 F Cfa,Neuf,Autre,55.0 Pouces
349 000 F Cfa,Neuf,Autre,65.0 Pouces
439 000 F Cfa,Neuf,Autre,75.0 Pouces
789 000 F Cfa,Neuf,Samsung,75.0 Pouces
298 000 F Cfa,Neuf,Autre,65.0 Pouces
229 000 F Cfa,Neuf,Autre,55.0 Pouces
3 500 000 F Cfa,Neuf,Samsung,85.0 Pouces
1 289 000 F Cfa,Neuf,LG,86.0 Pouces
1 300 000 F Cfa,Neuf,LG,86.0 Pouces
1 419 000 F Cfa,Neuf,LG,86.0 Pouces
320 000 F Cfa,Neuf,Autre,55.0 Pouces
395 000 F Cfa,Neuf,Westpool,55.0 Pouces
385 000 F Cfa,Neuf,LG,55.0 Pouces
98 000 F Cfa,Neuf,LG,330.0 Pouces
165 000 F Cfa,Neuf,Hisense,43.0 Pouces
549 000 F Cfa,Neuf,Samsung,65.0 Pouces
549 000 F Cfa,Neuf,Samsung,65.0 Pouces
320 000 F Cfa,Neuf,LG,50.0 Pouces
549 000 F Cfa,Neuf,Samsung,65.0 Pouces
549 000 F Cfa,Neuf,Samsung,65.0 Pouces
129 900 F Cfa,Venant,Samsung,
3 F Cfa,Neuf,Samsung,85.0 Pouces
165 000 F Cfa,Neuf,Hisense,43.0 Pouces
779 000 F Cfa,Neuf,LG,55.0 Pouces
229 000 F Cfa,Neuf,Autre,55.0 Pouces
129 000 F Cfa,Neuf,Autre,43.0 Pouces
72 000 F Cfa,Neuf,Autre,32.0 Pouces
78 000 F Cfa,Neuf,Autre,32.0 Pouces
439 000 F Cfa,Neuf,Autre,75.0 Pouces
72 000 F Cfa,Neuf,Autre,32.0 Pouces
78 000 F Cfa,Neuf,Autre,32.0 Pouces
298 000 F Cfa,Neuf,Autre,65.0 Pouces
229 000 F Cfa,Neuf,Autre,55.0 Pouces
498 000 F Cfa,Neuf,Autre,75.0 Pouces
219 000 F Cfa,Neuf,Autre,55.0 Pouces
194 000 F Cfa,Neuf,Autre,50.0 Pouces
220 000 F Cfa,Neuf,Westpool,43.0 Pouces
600 000 F Cfa,Neuf,Astech,
,Neuf,Samsung,50.0 Pouces
250 000 F Cfa,Neuf,,65.0 Pouces
205 000 F Cfa,Neuf,Autre,55.0 Pouces
75 000 F Cfa,Neuf,Autre,
139 000 F Cfa,Neuf,LG,500.0 Pouces
74 000 F Cfa,Neuf,LG,85.0 Pouces
369 000 F Cfa,Neuf,Autre,65.0 Pouces
249 000 F Cfa,Neuf,Autre,55.0 Pouces
139 000 F Cfa,Neuf,Autre,43.0 Pouces
93 000 F Cfa,Neuf,Autre,32.0 Pouces
155 000 F Cfa,Neuf,Samsung,32.0 Pouces
39 000 F Cfa,Neuf,Autre,40.0 Pouces
39 000 F Cfa,Neuf,Autre,42.0 Pouces
39 000 F Cfa,Neuf,Autre,40.0 Pouces
110 000 F Cfa,Neuf,Technology,43.0 Pouces
79 000 F Cfa,Neuf,Autre,40.0 Pouces
349 000 F Cfa,Neuf,TCL,65.0 Pouces
319 000 F Cfa,Neuf,TCL,50.0 Pouces
169 000 F Cfa,Neuf,TCL,43.0 Pouces
239 000 F Cfa,Neuf,TCL,55.0 Pouces
319 000 F Cfa,Neuf,TCL,50.0 Pouces
159 000 F Cfa,Neuf,TCL,43.0 Pouces
239 000 F Cfa,Neuf,TCL,55.0 Pouces
159 000 F Cfa,Neuf,TCL,43.0 Pouces
629 000 F Cfa,Neuf,TCL,75.0 Pouces
349 000 F Cfa,Neuf,Hisense,65.0 Pouces
280 000 F Cfa,Venant,LG,49.0 Pouces
110 000 F Cfa,Neuf,Astech,32.0 Pouces
2 500 F Cfa,Neuf,Hisense,98.0 Pouces
259 000 F Cfa,Neuf,Hisense,50.0 Pouces
139 000 F Cfa,Neuf,Autre,43.0 Pouces
115 000 F Cfa,Neuf,Astech,
45 000 F Cfa,Neuf,Autre,
50 000 F Cfa,Neuf,Autre,
20 000 F Cfa,Neuf,Autre,
25 000 F Cfa,Neuf,Autre,
1 500 000 F Cfa,Neuf,Hisense,85.0 Pouces
210 000 F Cfa,Neuf,Autre,55.0 Pouces
179 000 F Cfa,Neuf,Sony,400.0 Pouces
239 000 F Cfa,Neuf,Sony,600.0 Pouces
198 000 F Cfa,Neuf,Sony,330.0 Pouces
98 000 F Cfa,Neuf,Sony,120.0 Pouces
219 000 F Cfa,Neuf,Sony,500.0 Pouces
369 000 F Cfa,Neuf,Sony,"1,000.0 Pouces"
98 000 F Cfa,Neuf,Sony,"198,000.0 Pouces"
139 000 F Cfa,Neuf,Astech,43.0 Pouces
398 000 F Cfa,Neuf,Astech,65.0 Pouces
439 000 F Cfa,Neuf,Hisense,65.0 Pouces
529 000 F Cfa,Neuf,Samsung,65.0 Pouces
529 000 F Cfa,Neuf,Samsung,65.0 Pouces
539 000 F Cfa,Neuf,LG,65.0 Pouces
139 000 F Cfa,Neuf,Autre,43.0 Pouces
129 000 F Cfa,Neuf,Autre,43.0 Pouces
120 000 F Cfa,Neuf,Autre,43.0 Pouces
175 000 F Cfa,Neuf,Autre,50.0 Pouces
134 900 F Cfa,Neuf,Autre,
129 000 F Cfa,Neuf,Astech,43.0 Pouces
129 000 F Cfa,Neuf,Autre,43.0 Pouces
180 000 F Cfa,Neuf,Elactron,43.0 Pouces
139 000 F Cfa,Neuf,Astech,43.0 Pouces
18 000 F Cfa,Neuf,Autre,60.0 Pouces
1 650 000 F Cfa,Neuf,LG,86.0 Pouces
5 750 000 F Cfa,Neuf,LG,83.0 Pouces
750 000 F Cfa,Neuf,LG,
829 000 F Cfa,Neuf,Samsung,75.0 Pouces
729 000 F Cfa,Neuf,LG,70.0 Pouces
109 000 F Cfa,Neuf,Hisense,32.0 Pouces
109 000 F Cfa,Neuf,LG,32.0 Pouces
98 000 F Cfa,Neuf,Elactron,32.0 Pouces
98 000 F Cfa,Neuf,Astech,32.0 Pouces
98 000 F Cfa,Neuf,Autre,32.0 Pouces
98 000 F Cfa,Neuf,Autre,32.0 Pouces
5 000 F Cfa,Neuf,Sony,
5 000 F Cfa,Neuf,Samsung,"2,160.0 Pouces"
139 000 F Cfa,Neuf,Astech,43.0 Pouces
929 000 F Cfa,Neuf,Astech,85.0 Pouces
70 000 F Cfa,Neuf,Astech,
298 000 F Cfa,Neuf,Autre,65.0 Pouces
219 000 F Cfa,Neuf,Autre,55.0 Pouces
189 000 F Cfa,Neuf,Autre,50.0 Pouces
78 000 F Cfa,Neuf,Autre,32.0 Pouces
800 000 F Cfa,Neuf,Sony,65.0 Pouces
339 900 F Cfa,Neuf,Autre,
350 000 F Cfa,Neuf,Samsung,55.0 Pouces
210 000 F Cfa,Neuf,Samsung,43.0 Pouces
75 000 F Cfa,Neuf,Torl,32.0 Pouces
470 000 F Cfa,Neuf,Samsung,65.0 Pouces
6 000 000 F Cfa,Neuf,Samsung,98.0 Pouces
549 000 F Cfa,Neuf,LG,65.0 Pouces
549 000 F Cfa,Neuf,LG,65.0 Pouces
549 000 F Cfa,Neuf,LG,65.0 Pouces
119 000 F Cfa,Neuf,Hisense,43.0 Pouces
279 000 F Cfa,Neuf,Hisense,55.0 Pouces
219 000 F Cfa,Neuf,Autre,55.0 Pouces
549 000 F Cfa,Neuf,LG,65.0 Pouces
239 000 F Cfa,Neuf,LG,
259 000 F Cfa,Neuf,LG,43.0 Pouces
179 000 F Cfa,Neuf,LG,43.0 Pouces
229 000 F Cfa,Neuf,LG,43.0 Pouces
105 000 F Cfa,Neuf,LG,32.0 Pouces
145 000 F Cfa,Neuf,LG,32.0 Pouces
200 000 F Cfa,Neuf,Autre,
340 000 F Cfa,Neuf,Samsung,55.0 Pouces
36 000 F Cfa,Neuf,Autre,22.0 Pouces
99 900 F Cfa,Neuf,Hisense,32.0 Pouces
250 000 F Cfa,Venant,TCL,50.0 Pouces
49 000 F Cfa,Neuf,Autre,24.0 Pouces
650 000 F Cfa,Neuf,Samsung,65.0 Pouces
3 800 000 F Cfa,Neuf,Samsung,85.0 Pouces
320 000 F Cfa,Neuf,Track,50.0 Pouces
750 000 F Cfa,Neuf,LG,55.0 Pouces
144 900 F Cfa,Neuf,Hisense,43.0 Pouces
315 000 F Cfa,Neuf,"LG, Samsung, Heseinse, Vizio, JVC, Philips etc.",55.0 Pouces
,Neuf,Samsung,55.0 Pouces
129 900 F Cfa,Neuf,Autre,
69 900 F Cfa,Venant,Samsung,
35 000 F Cfa,Neuf,Autre,
250 000 F Cfa,Venant,Hisense,55.0 Pouces
129 900 F Cfa,Neuf,Autre,
449 998 F Cfa,Neuf,Samsung,55.0 Pouces
21 900 F Cfa,Neuf,Autre,
35 000 F Cfa,Neuf,Autre,150.0 Pouces
169 000 F Cfa,Neuf,Sony,400.0 Pouces
280 000 F Cfa,Neuf,Hisense,55.0 Pouces
179 000 F Cfa,Neuf,Sony,330.0 Pouces
98 000 F Cfa,Neuf,Hisense,200.0 Pouces
630 000 F Cfa,Neuf,LG,65.0 Pouces
380 000 F Cfa,Neuf,LG,
650 000 F Cfa,Neuf,Samsung,65.0 Pouces
115 000 F Cfa,Neuf,Samsung,32.0 Pouces
205 000 F Cfa,Neuf,Astech,50.0 Pouces
115 000 F Cfa,Neuf,Autre,43.0 Pouces
450 000 F Cfa,Neuf,Samsung,65.0 Pouces
22 000 F Cfa,Neuf,Autre,
175 000 F Cfa,Venant,LG,43.0 Pouces
799 000 F Cfa,Neuf,LG,75.0 Pouces
195 000 F Cfa,Neuf,Autre,108.0 Pouces
350 000 F Cfa,Neuf,Hisense,58.0 Pouces
530 000 F Cfa,Neuf,Hisense,65.0 Pouces
299 900 F Cfa,Neuf,Autre,65.0 Pouces
25 000 F Cfa,Neuf,Autre,
119 000 F Cfa,Neuf,Autre,43.0 Pouces
129 000 F Cfa,Neuf,Autre,43.0 Pouces
229 000 F Cfa,Neuf,Autre,55.0 Pouces
298 000 F Cfa,Neuf,Autre,65.0 Pouces
469 000 F Cfa,Neuf,Autre,75.0 Pouces
84 900 F Cfa,Neuf,Autre,
224 900 F Cfa,Neuf,Autre,
79 000 F Cfa,Neuf,Hisense,32.0 Pouces
598 000 F Cfa,Neuf,Hisense,65.0 Pouces
349 000 F Cfa,Neuf,LG,55.0 Pouces
240 000 F Cfa,Neuf,LG,
130 000 F Cfa,Neuf,Astech,43.0 Pouces
120 000 F Cfa,Neuf,Autre,43.0 Pouces
58 000 F Cfa,Neuf,All Star,32.0 Pouces
275 000 F Cfa,Venant,Panasonic,55.0 Pouces
120 000 F Cfa,Neuf,Autre,40.0 Pouces
25 000 F Cfa,D'occasion,Autre,
45 000 F Cfa,Neuf,Autre,
650 000 F Cfa,Venant,Samsung,75.0 Pouces
70 000 F Cfa,Venant,Autre,
5 000 F Cfa,Neuf,Samsung,
175 000 F Cfa,Neuf,OEM,"1,280.0 Pouces"
45 000 F Cfa,Venant,Autre,32.0 Pouces
215 000 F Cfa,Neuf,Autre,
179 900 F Cfa,Neuf,Autre,
30 000 F Cfa,D'occasion,Samsung,22.0 Pouces
799 900 F Cfa,Neuf,Autre,86.0 Pouces
650 000 F Cfa,Neuf,Astech,75.0 Pouces
55 000 F Cfa,Neuf,Autre,300.0 Pouces
425 000 F Cfa,Neuf,Samsung,55.0 Pouces
298 000 F Cfa,Neuf,Autre,65.0 Pouces
219 000 F Cfa,Neuf,Autre,55.0 Pouces
119 000 F Cfa,Neuf,Autre,43.0 Pouces
5 000 F Cfa,D'occasion,Autre,
245 000 F Cfa,Neuf,Samsung,43.0 Pouces
330 000 F Cfa,Neuf,Hisense,55.0 Pouces
75 000 F Cfa,Neuf,LG,32.0 Pouces
109 000 F Cfa,Neuf,Star X,32.0 Pouces
80 000 F Cfa,Neuf,Autre,32.0 Pouces
205 000 F Cfa,Neuf,Autre,55.0 Pouces
160 000 F Cfa,Neuf,Hisense,43.0 Pouces
250 000 F Cfa,Neuf,TCL,55.0 Pouces
345 000 F Cfa,Neuf,Samsung,55.0 Pouces
75 000 F Cfa,Neuf,Autre,"2,160.0 Pouces"
875 000 F Cfa,Réconditionné,TCL,85.0 Pouces
350 000 F Cfa,Neuf,LG,55.0 Pouces
3 600 000 F Cfa,Neuf,Samsung,85.0 Pouces
100 000 F Cfa,Neuf,TCL,32.0 Pouces
70 000 F Cfa,D'occasion,Sony,37.0 Pouces
550 000 F Cfa,Neuf,Philips,65.0 Pouces
300 000 F Cfa,Venant,LG,55.0 Pouces
219 000 F Cfa,Neuf,Autre,50.0 Pouces
385 000 F Cfa,Neuf,LG,55.0 Pouces
165 000 F Cfa,Neuf,Autre,43.0 Pouces
349 000 F Cfa,Neuf,Autre,65.0 Pouces
139 900 F Cfa,Neuf,Autre,32.0 Pouces
,Neuf,Hisense,
325 000 F Cfa,D'occasion,,55.0 Pouces
130 000 F Cfa,Neuf,Autre,
1 100 000 F Cfa,Neuf,Sony,75.0 Pouces
,Neuf,Autre,75.0 Pouces
130 000 F Cfa,Neuf,Autre,108.0 Pouces
3 500 000 F Cfa,Neuf,Samsung,85.0 Pouces
249 000 F Cfa,Neuf,Astech,55.0 Pouces
240 000 F Cfa,Neuf,Astech,55.0 Pouces
370 000 F Cfa,Neuf,Samsung,50.0 Pouces
390 000 F Cfa,Neuf,Samsung,55.0 Pouces
560 000 F Cfa,Neuf,Samsung,65.0 Pouces
850 000 F Cfa,Neuf,Samsung,75.0 Pouces
270 000 F Cfa,Neuf,Samsung,43.0 Pouces
180 000 F Cfa,Neuf,Samsung,32.0 Pouces
40 000 F Cfa,,,
30 000 F Cfa,Neuf,Samsung,5.0 Pouces
250 000 F Cfa,Venant,Samsung,43.0 Pouces
4 000 F Cfa,Neuf,Autre,
3 800 000 F Cfa,Neuf,Samsung,98.0 Pouces
2 950 000 F Cfa,Neuf,Samsung,100.0 Pouces
339 000 F Cfa,Neuf,Samsung,55.0 Pouces
298 000 F Cfa,Neuf,Samsung,50.0 Pouces
969 000 F Cfa,Neuf,Hisense,85.0 Pouces
675 000 F Cfa,Neuf,Samsung,65.0 Pouces
850 000 F Cfa,Neuf,Samsung,75.0 Pouces
325 000 F Cfa,Neuf,LG,55.0 Pouces
230 000 F Cfa,Neuf,Roch,55.0 Pouces
1 450 000 F Cfa,Neuf,Samsung,85.0 Pouces
850 000 F Cfa,Neuf,LG,75.0 Pouces
40 000 F Cfa,Neuf,Autre,
15 000 F Cfa,Neuf,Autre,
,Neuf,Westpool,
499 000 F Cfa,Neuf,Sony,139.0 Pouces
450 000 F Cfa,Neuf,Samsung,
800 000 F Cfa,Neuf,LG,75.0 Pouces
899 000 F Cfa,Neuf,Samsung,163.0 Pouces
350 000 F Cfa,Neuf,Samsung,
750 000 F Cfa,Neuf,Samsung,75.0 Pouces
120 000 F Cfa,Neuf,Autre,43.0 Pouces
200 000 F Cfa,Neuf,Samsung,
339 900 F Cfa,Neuf,Samsung,
110 000 F Cfa,Neuf,Astech,43.0 Pouces
224 000 F Cfa,Neuf,Astech,55.0 Pouces
249 900 F Cfa,Neuf,Continental,55.0 Pouces
125 000 F Cfa,Neuf,Autre,43.0 Pouces
85 000 F Cfa,Neuf,Autre,
75 000 F Cfa,Neuf,Autre,
290 000 F Cfa,Neuf,Autre,65.0 Pouces
60 000 F Cfa,Neuf,Autre,32.0 Pouces
75 000 F Cfa,Neuf,Autre,32.0 Pouces
130 000 F Cfa,Neuf,Astech,32.0 Pouces
120 000 F Cfa,Neuf,Hisense,43.0 Pouces
289 000 F Cfa,Neuf,Autre,65.0 Pouces
1 200 000 F Cfa,Neuf,LG,86.0 Pouces
350 000 F Cfa,Neuf,LG,55.0 Pouces
750 F Cfa,Neuf,LG,75.0 Pouces
20 000 F Cfa,Neuf,Autre,
200 000 F Cfa,Neuf,Autre,55.0 Pouces
499 900 F Cfa,Neuf,TCL,75.0 Pouces
65 000 F Cfa,Neuf,Astech,32.0 Pouces
350 000 F Cfa,Neuf,LG,55.0 Pouces
450 000 F Cfa,Neuf,LG,65.0 Pouces
69 000 F Cfa,Neuf,Autre,49.0 Pouces
750 000 F Cfa,Neuf,LG,75.0 Pouces
79 000 F Cfa,Neuf,Autre,200.0 Pouces
399 000 F Cfa,Neuf,Astech,65.0 Pouces
250 000 F Cfa,Neuf,Autre,31.5 Pouces
65 000 F Cfa,Neuf,Roch,32.0 Pouces
298 000 F Cfa,Neuf,LG,50.0 Pouces
875 000 F Cfa,Neuf,LG,55.0 Pouces
60 000 F Cfa,D'occasion,Autre,
135 000 F Cfa,Neuf,"LG, Samsung, Heseinse, Vizio, Onn, Philips etc.",32.0 Pouces
330 000 F Cfa,Neuf,Roch,65.0 Pouces
155 000 F Cfa,Neuf,TCL,43.0 Pouces
520 000 F Cfa,Neuf,Roch,75.0 Pouces
124 900 F Cfa,Neuf,Autre,43.0 Pouces
84 900 F Cfa,Neuf,Autre,32.0 Pouces
265 000 F Cfa,Neuf,LG,43.0 Pouces
199 900 F Cfa,Neuf,Autre,50.0 Pouces
200 000 F Cfa,Réconditionné,Sony,
320 000 F Cfa,Neuf,LG,50.0 Pouces
420 000 F Cfa,Neuf,Samsung,58.0 Pouces
70 000 F Cfa,Neuf,Autre,32.0 Pouces
300 000 F Cfa,Neuf,,
650 000 F Cfa,Neuf,Astech,75.0 Pouces
349 000 F Cfa,Neuf,TCL,65.0 Pouces
100 000 F Cfa,Neuf,All Star,40.0 Pouces
250 000 F Cfa,Venant,Sony,
90 000 F Cfa,Neuf,All Star,32.4 Pouces
1 400 000 F Cfa,Neuf,LG,86.0 Pouces
215 000 F Cfa,Neuf,Autre,55.0 Pouces
75 000 F Cfa,Neuf,,32.0 Pouces
120 000 F Cfa,Neuf,,43.0 Pouces
400 000 F Cfa,D'occasion,Samsung,65.0 Pouces
160 000 F Cfa,Neuf,TCL,43.0 Pouces
195 000 F Cfa,Neuf,Autre,50.0 Pouces
260 000 F Cfa,Neuf,Samsung,50.0 Pouces
350 000 F Cfa,Neuf,Samsung,55.0 Pouces
320 000 F Cfa,Neuf,Samsung,
120 000 F Cfa,Neuf,Autre,43.0 Pouces
1 200 000 F Cfa,Neuf,Sony,75.0 Pouces
57 000 F Cfa,Neuf,Autre,32.0 Pouces
150 000 F Cfa,Neuf,Continental,43.0 Pouces
,Venant,Samsung,
65 000 F Cfa,Venant,Samsung,28.0 Pouces
135 000 F Cfa,Neuf,Star,43.0 Pouces
25 000 F Cfa,Neuf,LG,55.0 Pouces
125 000 F Cfa,Neuf,Torl,
450 000 F Cfa,Neuf,LG,65.0 Pouces
,Neuf,Autre,75.0 Pouces
430 000 F Cfa,Neuf,"LG, Samsung,",65.0 Pouces
,Neuf,Autre,
820 000 F Cfa,Neuf,LG,75.0 Pouces
520 000 F Cfa,Neuf,Samsung,65.0 Pouces
210 000 F Cfa,Neuf,Astech,
280 000 F Cfa,Neuf,Astech,55.0 Pouces
510 000 F Cfa,Neuf,Samsung,65.0 Pouces
550 000 F Cfa,Neuf,Samsung,65.0 Pouces
110 000 F Cfa,Neuf,Astech,43.0 Pouces
155 000 F Cfa,Neuf,LG,32.0 Pouces
45 000 F Cfa,Neuf,T95,
189 000 F Cfa,Neuf,TCL,43.0 Pouces
225 000 F Cfa,Neuf,Autre,55.0 Pouces
950 000 F Cfa,Neuf,Sony,65.0 Pouces
125 000 F Cfa,Neuf,Autre,43.0 Pouces
75 000 F Cfa,D'occasion,Grundig,40.0 Pouces
110 000 F Cfa,Neuf,Autre,
45 000 F Cfa,Neuf,Autre,
125 000 F Cfa,Neuf,Samsung,
215 000 F Cfa,Neuf,LG,
250 000 F Cfa,Neuf,Continental,55.0 Pouces
390 000 F Cfa,Neuf,Astech,65.0 Pouces
82 000 F Cfa,Neuf,,32.0 Pouces
242 000 F Cfa,Neuf,LG,43.0 Pouces
360 000 F Cfa,Neuf,Samsung,55.0 Pouces
340 000 F Cfa,Neuf,"LG, Samsung, Heseinse, Vizio, Onn, TCL, Philips etc.",50.0 Pouces
159 000 F Cfa,Neuf,Vizio,43.0 Pouces
360 000 F Cfa,Neuf,TCL,65.0 Pouces
84 900 F Cfa,Neuf,Autre,
79 000 F Cfa,Neuf,Autre,32.0 Pouces
279 000 F Cfa,Neuf,Autre,65.0 Pouces
439 000 F Cfa,Neuf,Autre,75.0 Pouces
132 000 F Cfa,Neuf,Autre,43.0 Pouces
270 000 F Cfa,Venant,Autre,65.0 Pouces
250 000 F Cfa,Venant,Samsung,55.0 Pouces
225 000 F Cfa,Neuf,Samsung,43.0 Pouces
1 000 000 F Cfa,D'occasion,LG,86.0 Pouces
65 000 F Cfa,Neuf,Roch,32.0 Pouces
2 000 000 F Cfa,Venant,Philips,84.0 Pouces
550 000 F Cfa,Neuf,LG,65.0 Pouces
119 000 F Cfa,Neuf,Autre,
175 000 F Cfa,Neuf,TCL,43.0 Pouces
119 900 F Cfa,Neuf,Autre,43.0 Pouces
498 000 F Cfa,Neuf,Autre,75.0 Pouces
135 000 F Cfa,Neuf,Astech,43.0 Pouces
235 000 F Cfa,Neuf,Samsung,43.0 Pouces
75 000 F Cfa,Neuf,Autre,32.0 Pouces
220 000 F Cfa,Neuf,Samsung,43.0 Pouces
600 000 F Cfa,Neuf,Samsung,65.0 Pouces
1 750 000 F Cfa,Neuf,Samsung,85.0 Pouces
650 000 F Cfa,Neuf,Samsung,65.0 Pouces
890 000 F Cfa,Neuf,Samsung,75.0 Pouces
260 000 F Cfa,Neuf,Samsung,43.0 Pouces
310 000 F Cfa,Neuf,Westpool,55.0 Pouces
350 000 F Cfa,Neuf,LG,55.0 Pouces
60 000 F Cfa,Venant,Autre,
20 000 F Cfa,Neuf,All Star,0.0 Pouces
20 000 F Cfa,Neuf,Autre,"2,160.0 Pouces"
359 000 F Cfa,Neuf,Astech,65.0 Pouces
69 900 F Cfa,Venant,Samsung,
69 900 F Cfa,Venant,Samsung,
298 000 F Cfa,Neuf,Astech,55.0 Pouces
219 000 F Cfa,Neuf,Astech,50.0 Pouces
69 000 F Cfa,Neuf,Astech,32.0 Pouces
450 000 F Cfa,Neuf,Samsung,65.0 Pouces
234 000 F Cfa,Neuf,Astech,55.0 Pouces
220 000 F Cfa,Neuf,Samsung,108.0 Pouces
450 000 F Cfa,Neuf,LG,65.0 Pouces
389 000 F Cfa,Neuf,Autre,75.0 Pouces
105 000 F Cfa,Neuf,Roch,43.0 Pouces
69 000 F Cfa,Neuf,Continental,32.0 Pouces
229 000 F Cfa,Neuf,Autre,55.0 Pouces
2 800 000 F Cfa,Neuf,TCL,98.0 Pouces
325 000 F Cfa,Neuf,Samsung,50.0 Pouces
260 000 F Cfa,Neuf,Autre,50.0 Pouces
250 000 F Cfa,Neuf,LG,43.0 Pouces
650 000 F Cfa,Neuf,LG,70.0 Pouces
125 000 F Cfa,Neuf,Astech,43.0 Pouces
130 000 F Cfa,Venant,Autre,
1 650 000 F Cfa,Neuf,Sony,85.0 Pouces
700 000 F Cfa,Neuf,Samsung,70.0 Pouces
2 800 F Cfa,Neuf,All Star,
30 000 F Cfa,Neuf,LG,3.0 Pouces
800 000 F Cfa,Neuf,Samsung,75.0 Pouces
145 000 F Cfa,Neuf,Astech,
260 000 F Cfa,Neuf,TCL,55.0 Pouces
1 F Cfa,Neuf,Astech,
329 000 F Cfa,Neuf,Samsung,55.0 Pouces
85 000 F Cfa,Neuf,Astech,32.0 Pouces
69 900 F Cfa,Neuf,Autre,
230 000 F Cfa,Neuf,TCL,55.0 Pouces
75 000 F Cfa,Neuf,Star,32.0 Pouces
115 000 F Cfa,Neuf,Star,40.0 Pouces
120 000 F Cfa,Neuf,Autre,43.0 Pouces
340 000 F Cfa,Neuf,Samsung,55.0 Pouces
410 000 F Cfa,Neuf,Autre,55.0 Pouces
24 000 F Cfa,Neuf,Samsung,
20 000 F Cfa,Neuf,Autre,
750 000 F Cfa,Neuf,Samsung,75.0 Pouces